station,duration,IGS08LAT,IGS08LONG,IGS08ELIPHT,avgambfixed,avgbaselinelength(km),sigman95,sigmae95,sigmah95,NominalT,dn (cm),de (cm),dh (cm)
B726,2.016666667,44.64840764,-123.0626593,41.98010516,0.879,759.471,0.018,0.092,0.052,2,2.85,14.73,-7.39
B726,2.016666667,44.64840751,-123.0626595,41.89971581,0.873,744.418,0.023,0.019,0.058,2,1.37,12.75,-15.43
B726,2.016666667,44.64840755,-123.0626602,42.00470562,0.876,752.837,0.012,0.014,0.04,2,1.83,7.26,-4.93
B726,2.016666667,44.64840749,-123.0626613,42.05452109,0.863,818.211,0.01,0.011,0.044,2,1.12,-1.32,0.05
B726,2.016666667,44.64840745,-123.0626611,42.09580961,0.903,751.078,0.007,0.008,0.031,2,0.7,0.31,4.18
B726,2.016666667,44.64840744,-123.0626609,42.07743227,0.892,821.755,0.01,0.022,0.039,2,0.55,2.15,2.34
B726,2.016666667,44.64840748,-123.0626612,42.05070839,0.88,752.837,0.008,0.01,0.033,2,1.08,-0.4,-0.33
B726,2.016666667,44.64840716,-123.0626619,42.16305297,0.837,818.211,0.048,0.174,0.126,2,-2.57,-6.54,10.91
B726,2.016666667,44.64840745,-123.0626609,42.07340563,0.846,751.078,0.027,0.046,0.064,2,0.66,1.43,1.94
B726,2.016666667,44.64840749,-123.0626602,42.01611743,0.853,764.775,0.037,0.139,0.144,2,1.12,7.64,-3.79
B726,2.016666667,44.64840704,-123.0626621,42.09378637,0.875,752.837,0.013,0.018,0.034,2,-3.88,-7.72,3.98
B726,2.016666667,44.64840721,-123.0626612,42.03219816,0.885,818.211,0.009,0.011,0.026,2,-2.01,-0.8,-2.18
B726,2.016666667,44.64840716,-123.0626606,42.05205558,0.882,751.078,0.012,0.01,0.027,2,-2.57,4.31,-0.19
B726,2.016666667,44.64840708,-123.0626612,42.00401691,0.887,751.078,0.009,0.013,0.038,2,-3.45,-0.74,-5
B726,2.016666667,44.64840712,-123.0626611,42.03488292,0.91,752.837,0.008,0.008,0.021,2,-2.98,0.24,-1.91
B726,2.016666667,44.64840727,-123.0626612,42.04613686,0.841,818.211,0.012,0.014,0.059,2,-1.28,-0.25,-0.79
B726,2.016666667,44.64840743,-123.0626609,42.00248825,0.856,751.078,0.009,0.013,0.038,2,0.5,2.04,-5.15
B726,2.016666667,44.64840735,-123.0626611,42.0149694,0.87,751.078,0.01,0.01,0.041,2,-0.45,-0.17,-3.9
B726,2.016666667,44.64840729,-123.0626612,42.05868244,0.876,752.837,0.009,0.012,0.038,2,-1.12,-0.34,0.47
B726,2.016666667,44.64840742,-123.0626609,42.08731876,0.806,807.751,0.013,0.01,0.036,2,0.41,1.48,3.33
BICK,2.016666667,44.48952025,-123.2807105,51.98032408,0.901,809.321,0.009,0.01,0.03,2,-1.46,0.91,2.03
BICK,2.016666667,44.48952032,-123.2807105,51.97588463,0.872,807.49,0.009,0.01,0.039,2,-0.6,0.67,1.59
BICK,2.016666667,44.4895203,-123.2807105,51.97588075,0.891,752.341,0.01,0.01,0.05,2,-0.88,0.92,1.59
BICK,2.016666667,44.48952029,-123.2807104,51.98784223,0.891,809.321,0.01,0.036,0.035,2,-0.94,1.38,2.78
BICK,2.016666667,44.48952037,-123.2807105,51.96927519,0.903,750.51,0.011,0.009,0.049,2,-0.09,1.2,0.93
BICK,2.008333333,44.4895203,-123.2807106,51.97804685,0.927,814.625,0.009,0.009,0.032,2,-0.82,0.39,1.8
BICK,2.016666667,44.48952033,-123.2807106,51.95984513,0.922,750.51,0.01,0.009,0.037,2,-0.57,0.26,-0.02
BICK,2.016666667,44.48952037,-123.2807106,51.9521067,0.876,814.625,0.01,0.009,0.035,2,-0.09,0.16,-0.79
BICK,2.016666667,44.48952028,-123.2807106,52.00109113,0.903,789.317,0.01,0.01,0.052,2,-1.12,-0.07,4.11
BICK,2.016666667,44.48952031,-123.2807106,51.94917693,0.919,762.494,0.008,0.009,0.027,2,-0.78,0.1,-1.08
BICK,2.016666667,44.48952038,-123.2807106,51.97529601,0.903,809.321,0.008,0.009,0.026,2,0.02,0.12,1.53
BICK,2.016666667,44.48952035,-123.2807106,51.9596441,0.9,809.321,0.009,0.008,0.031,2,-0.27,-0.12,-0.04
BICK,2.016666667,44.48952031,-123.2807107,51.9478614,0.902,752.341,0.01,0.009,0.039,2,-0.79,-0.31,-1.21
BICK,2.016666667,44.48952032,-123.2807106,51.98801428,0.913,814.625,0.008,0.008,0.024,2,-0.67,0.55,2.8
BICK,2.016666667,44.4895203,-123.2807105,51.97100144,0.925,752.341,0.008,0.009,0.029,2,-0.82,0.78,1.1
BICK,2.016666667,44.48952027,-123.2807105,51.9702784,0.933,814.625,0.008,0.01,0.027,2,-1.17,0.67,1.03
BICK,2.016666667,44.4895203,-123.2807106,51.96521643,0.928,752.341,0.008,0.008,0.03,2,-0.82,0.51,0.52
BICK,2.016666667,44.48952034,-123.2807107,51.94837951,0.888,814.625,0.01,0.012,0.039,2,-0.42,-0.34,-1.16
BICK,2.016666667,44.48952032,-123.2807106,51.95245365,0.922,766.038,0.008,0.009,0.026,2,-0.68,-0.15,-0.75
BICK,2.016666667,44.48952028,-123.2807106,51.94915467,0.881,754.101,0.009,0.01,0.042,2,-1.06,-0.01,-1.08
BICK,2.016666667,44.48952035,-123.2807107,51.95385909,0.919,809.321,0.007,0.008,0.031,2,-0.26,-0.4,-0.61
BICK,2.016666667,44.48952037,-123.2807107,51.9801202,0.866,809.321,0.013,0.021,0.054,2,-0.04,-0.83,2.01
BICK,2.016666667,44.48952035,-123.2807107,51.92729254,0.9,752.341,0.009,0.009,0.025,2,-0.32,-0.3,-3.27
BICK,2.016666667,44.48952032,-123.2807107,51.95095157,0.906,809.321,0.008,0.01,0.041,2,-0.68,-0.34,-0.9
BICK,2.016666667,44.48952025,-123.2807106,51.93819553,0.92,752.341,0.009,0.009,0.027,2,-1.39,0.1,-2.18
BICK,2.016666667,44.4895203,-123.2807106,51.95704202,0.931,814.625,0.008,0.01,0.029,2,-0.86,0.26,-0.3
BICK,2.016666667,44.48952031,-123.2807106,51.96182081,0.935,752.341,0.008,0.008,0.024,2,-0.76,0.21,0.18
BICK,2.016666667,44.48952032,-123.2807106,51.95358264,0.879,814.625,0.014,0.019,0.059,2,-0.66,0.49,-0.64
BICK,2.016666667,44.4895204,-123.2807108,51.95829957,0.872,766.038,0.013,0.021,0.04,2,0.28,-1.76,-0.17
BICK,2.016666667,44.48952026,-123.2807106,51.95879052,0.912,754.101,0.01,0.01,0.033,2,-1.31,-0.04,-0.12
BICK,2.016666667,44.48952038,-123.2807107,51.95388135,0.917,809.321,0.009,0.01,0.028,2,0.02,-0.29,-0.61
BICK,2.016666667,44.48952034,-123.2807106,51.97088642,0.875,809.321,0.009,0.01,0.029,2,-0.39,-0.02,1.09
BICK,2.016666667,44.48952034,-123.2807107,51.95952132,0.916,752.341,0.008,0.009,0.025,2,-0.4,-0.43,-0.05
BICK,2.016666667,44.48952035,-123.2807107,51.99960069,0.896,809.321,0.01,0.015,0.046,2,-0.27,-1,3.96
BICK,2.016666667,44.48952029,-123.2807107,51.96822921,0.919,752.341,0.009,0.01,0.029,2,-0.97,-0.71,0.82
BICK,2.016666667,44.48952031,-123.2807107,51.95920812,0.934,809.321,0.009,0.01,0.03,2,-0.79,-0.26,-0.08
BICK,2.016666667,44.48952025,-123.2807105,51.97326029,0.913,752.341,0.008,0.022,0.029,2,-1.47,0.95,1.33
BICK,2.016666667,44.48952031,-123.2807106,51.99434053,0.877,814.625,0.011,0.01,0.036,2,-0.73,-0.2,3.43
BICK,2.016666667,44.48952037,-123.2807107,51.95954358,0.892,752.341,0.01,0.01,0.038,2,-0.12,-0.32,-0.05
BICK,2.016666667,44.48952023,-123.2807106,52.00476992,0.889,754.101,0.01,0.013,0.038,2,-1.62,0.46,4.48
BICK,2.016666667,44.48952027,-123.2807104,51.98295903,0.907,809.321,0.009,0.009,0.027,2,-1.16,1.5,2.3
BICK,2.016666667,44.48952031,-123.2807105,51.97487453,0.875,809.321,0.009,0.008,0.034,2,-0.78,0.59,1.49
BICK,2.016666667,44.4895203,-123.2807106,51.97098306,0.889,809.321,0.009,0.008,0.031,2,-0.82,0.42,1.1
BICK,2.016666667,44.48952034,-123.2807107,51.97644813,0.914,809.321,0.009,0.009,0.025,2,-0.38,-0.24,1.64
BICK,2.016666667,44.48952031,-123.2807106,51.95066063,0.923,752.341,0.009,0.007,0.028,2,-0.79,-0.07,-0.93
BICK,2.016666667,44.48952031,-123.2807107,51.92547727,0.934,809.321,0.01,0.008,0.025,2,-0.7,-0.33,-3.45
BICK,2.016666667,44.48952028,-123.2807105,51.96819832,0.92,752.341,0.009,0.006,0.026,2,-1.11,0.78,0.82
BICK,2.016666667,44.48952028,-123.2807106,51.98269899,0.87,814.625,0.01,0.008,0.029,2,-1.13,0.28,2.27
BICK,2.016666667,44.48952026,-123.2807105,51.9883796,0.896,752.341,0.01,0.008,0.026,2,-1.27,0.61,2.84
BICK,2.016666667,44.48952027,-123.2807106,51.96469831,0.906,754.101,0.009,0.009,0.028,2,-1.19,0.54,0.47
GLAS,2.016666667,44.5193423,-122.9960553,69.46334999,0.867,814.289,0.012,0.01,0.041,2,0.43,-0.5,2.03
GLAS,2.016666667,44.51934225,-122.9960554,69.4533616,0.899,788.982,0.012,0.073,0.077,2,-0.13,-1.66,1.04
GLAS,2.016666667,44.51934228,-122.9960552,69.4512284,0.904,762.158,0.009,0.009,0.03,2,0.22,-0.13,0.82
GLAS,2.016666667,44.51934222,-122.9960547,69.45705959,0.871,760.327,0.009,0.013,0.033,2,-0.49,4.52,1.41
GLAS,2.016666667,44.51934235,-122.9960553,69.48817804,0.89,814.289,0.01,0.01,0.035,2,0.93,-0.29,4.52
GLAS,2.016666667,44.51934234,-122.9960553,69.46945407,0.909,765.703,0.009,0.01,0.03,2,0.81,-0.39,2.65
GLAS,2.016666667,44.51934222,-122.9960552,69.47906997,0.879,753.765,0.009,0.011,0.039,2,-0.56,0.2,3.61
GLAS,2.016666667,44.51934193,-122.9960562,69.45319469,0.864,753.765,0.01,0.014,0.032,2,-3.76,-7.77,1.02
GLAS,2.016666667,44.51934225,-122.996056,69.47962661,0.844,814.289,0.019,0.091,0.087,2,-0.19,-6.26,3.66
GLAS,2.016666667,44.5193421,-122.9960564,69.50513566,0.887,765.703,0.009,0.019,0.035,2,-1.86,-9.21,6.21
GLAS,2.016666667,44.51934213,-122.9960548,69.45755652,0.902,753.765,0.01,0.023,0.036,2,-1.53,2.98,1.46
GLAS,2.016666667,44.5193423,-122.9960554,69.41979109,0.879,753.765,0.008,0.01,0.028,2,0.37,-1.29,-2.32
GLAS,2.016666667,44.51934221,-122.9960551,69.45872081,0.867,814.289,0.01,0.02,0.039,2,-0.66,0.85,1.57
GLAS,2.016666667,44.51934239,-122.996055,69.36696225,0.885,752.005,0.011,0.014,0.038,2,1.35,1.53,-7.6
GLAS,2.016666667,44.51934205,-122.9960554,69.51968094,0.884,753.765,0.012,0.009,0.03,2,-2.44,-1.71,7.67
GLAS,2.016666667,44.51934227,-122.9960553,69.44347773,0.881,753.765,0.009,0.007,0.027,2,0,-0.98,0.05
GLAS,2.016666667,44.51934217,-122.9960552,69.42092886,0.868,814.289,0.01,0.009,0.032,2,-1.01,0.22,-2.21
GLAS,2.016666667,44.51934201,-122.9960545,69.48390435,0.886,752.005,0.011,0.009,0.025,2,-2.85,6,4.09
GLAS,2.016666667,44.5193422,-122.9960552,69.42612207,0.902,753.765,0.009,0.009,0.029,2,-0.68,0.19,-1.69
GLAS,2.016666667,44.51934222,-122.9960551,69.45155156,0.901,753.765,0.009,0.007,0.025,2,-0.51,0.7,0.86
LBCC,2.016666667,44.58498576,-123.1181772,46.92015396,0.876,808.547,0.012,0.051,0.043,2,0.64,-6.89,-2.98
LBCC,2.016666667,44.58498573,-123.1181763,47.04990392,0.855,806.716,0.014,0.011,0.06,2,0.35,0.23,9.99
LBCC,2.016666667,44.58498573,-123.1181764,47.01084836,0.923,749.736,0.01,0.009,0.043,2,0.27,-0.35,6.08
LBCC,2.008333333,44.58498565,-123.1181761,46.97071733,0.929,759.961,0.01,0.016,0.035,2,-0.55,1.5,2.07
LBCC,2.016666667,44.58498562,-123.1181764,46.97266237,0.912,744.907,0.01,0.009,0.042,2,-0.88,-0.17,2.27
LBCC,2.016666667,44.5849857,-123.1181764,46.96695947,0.912,761.72,0.012,0.011,0.041,2,-0.04,-0.1,1.7
LBCC,2.016666667,44.58498556,-123.1181762,46.95826722,0.882,759.889,0.009,0.01,0.038,2,-1.57,1.03,0.83
LBCC,2.016666667,44.58498572,-123.1181763,46.99887548,0.893,808.547,0.014,0.01,0.045,2,0.18,0.68,4.89
LBCC,2.016666667,44.58498567,-123.1181763,46.9534003,0.876,808.547,0.013,0.011,0.049,2,-0.39,-0.1,0.34
LBCC,2.016666667,44.58498566,-123.1181762,47.00221799,0.912,751.567,0.01,0.012,0.048,2,-0.43,0.76,5.22
LBCC,2.016666667,44.58498564,-123.1181763,46.96980738,0.912,751.567,0.007,0.008,0.031,2,-0.74,0.11,1.98
LBCC,2.016666667,44.58498558,-123.1181763,46.93147234,0.911,822.244,0.009,0.01,0.032,2,-1.32,0.38,-1.85
LBCC,2.016666667,44.58498569,-123.1181764,46.93070824,0.892,753.327,0.009,0.01,0.041,2,-0.12,-0.44,-1.93
LBCC,2.016666667,44.58498576,-123.1181767,46.97564343,0.85,753.327,0.013,0.019,0.041,2,0.65,-3.24,2.56
LBCC,2.016666667,44.58498574,-123.1181764,46.96068154,0.888,808.547,0.008,0.012,0.046,2,0.44,-0.73,1.07
LBCC,2.016666667,44.58498582,-123.1181766,46.99278932,0.846,808.547,0.021,0.026,0.063,2,1.35,-2.16,4.28
LBCC,2.016666667,44.58498584,-123.1181764,46.97014558,0.911,751.567,0.014,0.01,0.036,2,1.47,-0.29,2.01
LBCC,2.016666667,44.58498536,-123.118177,46.95416875,0.852,751.567,0.041,0.098,0.127,2,-3.83,-5.17,0.42
LBCC,2.016666667,44.58498546,-123.1181773,47.01211787,0.869,765.264,0.015,0.014,0.067,2,-2.67,-7.31,6.21
LBCC,2.016666667,44.58498557,-123.1181764,46.84144254,0.882,753.327,0.013,0.014,0.081,2,-1.43,-0.52,-10.86
LBCC,2.016666667,44.58498523,-123.1181772,47.05295909,0.856,753.327,0.012,0.015,0.038,2,-5.29,-6.72,10.3
LBCC,2.016666667,44.58498563,-123.1181764,46.754043,0.878,808.547,0.044,0.12,0.118,2,-0.82,-0.21,-19.6
LBCC,2.016666667,44.5849852,-123.1181771,46.97655827,0.841,808.547,0.016,0.032,0.066,2,-5.62,-6.06,2.66
LBCC,2.016666667,44.58498518,-123.1181773,47.09156658,0.895,751.567,0.012,0.013,0.036,2,-5.86,-7.53,14.16
LBCC,2.016666667,44.58498581,-123.1181765,46.92763438,0.878,751.567,0.012,0.027,0.06,2,1.17,-1.65,-2.24
LBCC,2.016666667,44.58498568,-123.1181763,46.95015619,0.887,751.567,0.012,0.018,0.044,2,-0.21,0.27,0.02
LBCC,2.016666667,44.58498562,-123.1181764,47.01114645,0.874,753.327,0.011,0.015,0.032,2,-0.89,-0.53,6.11
LBCC,2.016666667,44.58498572,-123.1181766,46.93170034,0.866,753.327,0.012,0.01,0.041,2,0.21,-2.21,-1.83
LBCC,2.016666667,44.58498584,-123.1181758,47.02771238,0.88,808.547,0.013,0.02,0.052,2,1.55,4.5,7.77
LBCC,2.016666667,44.58498575,-123.1181764,46.9145377,0.85,808.547,0.014,0.012,0.045,2,0.49,-0.4,-3.55
LBCC,2.016666667,44.58498574,-123.1181766,46.90238541,0.909,751.567,0.01,0.012,0.035,2,0.43,-1.89,-4.76
LBCC,2.016666667,44.58498574,-123.1181763,46.94016519,0.862,751.567,0.012,0.01,0.045,2,0.35,0.5,-0.98
LBCC,2.016666667,44.58498571,-123.1181765,46.92029834,0.896,751.567,0.009,0.01,0.033,2,0.07,-1.48,-2.97
LBCC,2.016666667,44.58498564,-123.1181763,46.9299992,0.89,753.327,0.01,0.01,0.032,2,-0.75,0.06,-2
LBCC,2.016666667,44.58498588,-123.1181766,46.9420045,0.881,753.327,0.011,0.013,0.04,2,2,-1.96,-0.8
U727,2.016666667,44.59391675,-123.5471758,204.4051489,0.888,751.714,0.014,0.014,0.066,2,-0.1,1.1,0.71
U727,2.016666667,44.59391663,-123.5471759,204.2781519,0.879,808.694,0.017,0.036,0.066,2,-1.48,0.07,-11.98
U727,2.016666667,44.5939168,-123.547176,204.3835759,0.898,753.473,0.012,0.012,0.04,2,0.49,-0.31,-1.44
U727,2.016666667,44.5939168,-123.547176,204.3709352,0.875,818.846,0.01,0.011,0.04,2,0.47,-0.42,-2.71
U727,2.016666667,44.59391675,-123.5471758,204.3759808,0.915,751.714,0.01,0.01,0.038,2,-0.17,0.72,-2.2
U727,2.016666667,44.59391675,-123.5471761,204.483218,0.892,813.998,0.015,0.018,0.043,2,-0.07,-1.47,8.52
U727,2.016666667,44.59391679,-123.547176,204.3855499,0.891,753.473,0.009,0.011,0.039,2,0.29,-0.37,-1.25
U727,2.016666667,44.59391672,-123.5471762,204.3457573,0.887,818.846,0.012,0.019,0.034,2,-0.42,-2.27,-5.22
U727,2.016666667,44.59391653,-123.5471764,204.4810907,0.896,751.714,0.012,0.021,0.054,2,-2.53,-4.02,8.31
U727,2.016666667,44.59391676,-123.547176,204.382548,0.915,808.694,0.008,0.011,0.041,2,0.02,-0.14,-1.55
U727,2.016666667,44.59391658,-123.5471763,204.4103017,0.884,753.473,0.012,0.027,0.055,2,-2.01,-2.93,1.23
U727,2.016666667,44.59391682,-123.5471759,204.3901687,0.891,818.846,0.01,0.018,0.04,2,0.68,0.27,-0.78
U727,2.016666667,44.59391676,-123.547176,204.414573,0.902,751.714,0.009,0.015,0.038,2,-0.04,-0.76,1.66
U727,2.016666667,44.59391664,-123.5471766,204.6170818,0.888,808.694,0.041,0.059,0.166,2,-1.33,-5.6,21.91
U727,2.016666667,44.5939167,-123.5471759,204.4283726,0.91,753.473,0.009,0.012,0.03,2,-0.7,0.32,3.04
U727,2.016666667,44.59391678,-123.5471759,204.4161113,0.877,818.847,0.01,0.012,0.037,2,0.23,0.63,1.81
U727,2.016666667,44.59391672,-123.5471759,204.4168511,0.883,808.694,0.013,0.02,0.044,2,-0.41,0.24,1.89
U727,2.016666667,44.59391682,-123.547176,204.392947,0.915,808.694,0.01,0.011,0.035,2,0.68,-0.2,-0.51
U727,2.016666667,44.59391666,-123.5471758,204.4038738,0.879,753.473,0.009,0.014,0.036,2,-1.09,0.9,0.59
U727,2.016666667,44.59391674,-123.5471757,204.4191829,0.825,808.387,0.011,0.01,0.037,2,-0.22,1.82,2.12
Y683,2.016666667,44.68914759,-123.2189187,71.6544831,0.886,749.012,0.012,0.011,0.054,2,0.09,0.45,2.85
Y683,2.016666667,44.68914761,-123.2189186,71.63132339,0.913,813.127,0.01,0.008,0.034,2,0.27,0.61,0.53
Y683,2.016666667,44.68914756,-123.2189187,71.6107487,0.923,749.012,0.009,0.009,0.041,2,-0.22,0.12,-1.53
Y683,2.016666667,44.68914759,-123.2189187,71.61315119,0.887,813.127,0.01,0.009,0.033,2,0.1,-0.16,-1.28
Y683,2.016666667,44.68914754,-123.2189187,71.63024072,0.906,787.819,0.012,0.013,0.074,2,-0.46,0.3,0.42
Y683,2.016666667,44.6891476,-123.2189187,71.62093927,0.894,752.602,0.01,0.008,0.034,2,0.17,0.17,-0.51
Y683,2.016666667,44.68914763,-123.2189187,71.622747,0.875,817.976,0.009,0.008,0.035,2,0.56,-0.16,-0.33
Y683,2.016666667,44.68914756,-123.2189187,71.62957028,0.923,750.843,0.008,0.009,0.03,2,-0.26,0.41,0.36
Y683,2.016666667,44.68914764,-123.2189187,71.60954912,0.946,813.127,0.008,0.009,0.026,2,0.6,0.4,-1.65
Y683,2.016666667,44.68914758,-123.2189187,71.61584399,0.918,750.843,0.009,0.01,0.03,2,-0.03,0.14,-1.02
Y683,2.016666667,44.6891476,-123.2189188,71.60567688,0.896,813.127,0.01,0.01,0.035,2,0.14,-0.41,-2.03
Y683,2.016666667,44.6891476,-123.2189187,71.62369842,0.914,764.54,0.009,0.01,0.03,2,0.18,-0.31,-0.23
Y683,2.016666667,44.68914762,-123.2189187,71.63120554,0.894,752.602,0.008,0.009,0.029,2,0.42,0.05,0.52
Y683,2.016666667,44.6891477,-123.2189186,71.59131223,0.876,817.976,0.01,0.012,0.035,2,1.28,0.55,-3.47
Y683,2.016666667,44.68914757,-123.2189188,71.6082401,0.907,750.843,0.009,0.01,0.029,2,-0.12,-0.41,-1.78
Y683,2.016666667,44.68914759,-123.2189187,71.62529849,0.936,813.127,0.008,0.009,0.03,2,0.02,0.08,-0.07
Y683,2.016666667,44.68914759,-123.2189187,71.61224265,0.862,813.127,0.013,0.022,0.048,2,0.05,-0.3,-1.38
Y683,2.016666667,44.68914758,-123.2189188,71.62325506,0.894,764.54,0.01,0.012,0.034,2,-0.06,-0.7,-0.27
Y683,2.016666667,44.6891476,-123.2189187,71.62223729,0.882,752.602,0.012,0.009,0.029,2,0.19,0.22,-0.38
Y683,2.016666667,44.68914767,-123.2189187,71.64617762,0.891,817.976,0.009,0.01,0.025,2,0.91,0.05,2.02
Y683,2.016666667,44.68914763,-123.2189188,71.62978968,0.919,750.843,0.009,0.01,0.03,2,0.56,-0.56,0.38
Y683,2.016666667,44.6891475,-123.2189187,71.59774509,0.921,807.823,0.01,0.01,0.03,2,-0.91,0.06,-2.83
Y683,2.016666667,44.68914758,-123.2189187,71.66121199,0.875,813.127,0.01,0.011,0.031,2,-0.01,-0.02,3.52
Y683,2.016666667,44.68914759,-123.2189188,71.62653327,0.898,750.843,0.009,0.01,0.031,2,0.04,-0.95,0.05
Y683,2.016666667,44.68914757,-123.2189186,71.64998257,0.903,752.602,0.008,0.008,0.022,2,-0.17,0.48,2.4
Y683,2.016666667,44.68914763,-123.2189186,71.65722045,0.88,817.976,0.008,0.007,0.026,2,0.52,0.62,3.12
Y683,2.016666667,44.68914758,-123.2189187,71.6145249,0.915,750.843,0.009,0.008,0.03,2,-0.04,-0.27,-1.15
Y683,2.016666667,44.68914751,-123.2189188,71.62071126,0.925,807.823,0.01,0.009,0.031,2,-0.79,-0.48,-0.53
Y683,2.016666667,44.68914754,-123.2189187,71.64177219,0.86,813.127,0.01,0.01,0.034,2,-0.48,0.12,1.58
Y683,2.016666667,44.68914755,-123.2189187,71.65938318,0.89,750.843,0.01,0.008,0.028,2,-0.39,-0.05,3.34
Y683,2.016666667,44.68914754,-123.2189186,71.6535511,0.883,752.602,0.008,0.007,0.027,2,-0.52,0.81,2.76
Y683,2.016666667,44.68914758,-123.2189185,71.6799126,0.83,807.516,0.009,0.008,0.024,2,-0.03,1.57,5.39
B726,3,44.64840742,-123.062661,42.06965567,0.924,759.471,0.007,0.008,0.022,3,0.33,0.93,1.57
B726,3,44.64840747,-123.0626605,41.99108811,0.88,764.775,0.008,0.014,0.03,3,0.92,4.66,-6.29
B726,3,44.64840747,-123.0626611,42.05210896,0.901,751.006,0.007,0.007,0.026,3,0.94,-0.16,-0.19
B726,3,44.64840748,-123.0626612,42.07566,0.859,818.211,0.006,0.007,0.026,3,1,-0.65,2.17
B726,3,44.64840737,-123.0626608,42.07640502,0.86,751.078,0.009,0.009,0.03,3,-0.2,2.56,2.24
B726,3,44.64840745,-123.0626606,42.06446393,0.868,764.775,0.008,0.023,0.035,3,0.7,4.1,1.05
B726,3,44.64840739,-123.0626611,42.08857396,0.889,752.837,0.007,0.007,0.022,3,0.01,0.17,3.46
B726,3,44.64840728,-123.0626611,42.0145103,0.874,818.211,0.009,0.01,0.026,3,-1.25,-0.06,-3.95
B726,3,44.64840728,-123.0626612,42.02801214,0.862,751.078,0.008,0.007,0.022,3,-1.18,-0.54,-2.6
B726,3,44.64840713,-123.0626612,42.01859725,0.885,751.078,0.008,0.009,0.029,3,-2.92,-0.66,-3.54
B726,3,44.64840722,-123.062661,42.05511339,0.897,752.837,0.007,0.007,0.018,3,-1.89,0.68,0.11
B726,3,44.64840735,-123.0626607,42.08829908,0.86,818.211,0.009,0.014,0.033,3,-0.39,3.44,3.43
BICK,3,44.48952025,-123.2807105,51.97046106,0.913,809.321,0.007,0.006,0.023,3,-1.47,0.7,1.05
BICK,3,44.48952033,-123.2807106,51.95667282,0.881,807.49,0.007,0.006,0.021,3,-0.54,0.46,-0.33
BICK,3,44.48952021,-123.2807108,51.99829276,0.906,752.341,0.008,0.009,0.024,3,-1.82,-1.43,3.83
BICK,3,44.48952027,-123.2807105,51.97287271,0.915,814.625,0.006,0.006,0.023,3,-1.15,0.78,1.29
BICK,3,44.48952032,-123.2807105,51.9686343,0.907,750.51,0.007,0.006,0.024,3,-0.59,0.92,0.86
BICK,2.991666667,44.4895203,-123.2807106,51.97098306,0.928,814.625,0.006,0.006,0.025,3,-0.82,0.42,1.1
BICK,3,44.48952033,-123.2807106,51.95348212,0.938,750.51,0.006,0.006,0.021,3,-0.51,0.29,-0.65
BICK,3,44.48952036,-123.2807106,51.96612989,0.894,780.924,0.008,0.008,0.024,3,-0.21,0.15,0.61
BICK,3,44.48952032,-123.2807106,51.97067762,0.92,789.317,0.008,0.007,0.026,3,-0.65,0.09,1.07
BICK,3,44.48952031,-123.2807106,51.9545521,0.916,762.494,0.006,0.007,0.022,3,-0.75,0.1,-0.54
BICK,3,44.48952035,-123.2807107,51.9587384,0.92,809.321,0.006,0.006,0.022,3,-0.32,-0.26,-0.13
BICK,3,44.48952037,-123.2807107,51.9589472,0.879,809.321,0.006,0.006,0.021,3,-0.06,-0.37,-0.11
BICK,3,44.48952034,-123.2807107,51.93493433,0.889,752.341,0.007,0.007,0.022,3,-0.37,-0.64,-2.51
BICK,3,44.4895203,-123.2807106,51.97156106,0.918,809.321,0.006,0.007,0.022,3,-0.88,0.12,1.16
BICK,3,44.48952027,-123.2807106,51.95353812,0.9,752.341,0.006,0.007,0.023,3,-1.21,0.26,-0.65
BICK,3,44.48952028,-123.2807106,51.96927218,0.936,814.625,0.006,0.006,0.021,3,-1.08,0.34,0.93
BICK,3,44.48952031,-123.2807106,51.96311797,0.921,752.341,0.006,0.006,0.02,3,-0.75,0.26,0.31
BICK,3,44.48952026,-123.2807106,51.97254502,0.887,814.625,0.008,0.01,0.026,3,-1.26,0.34,1.25
BICK,3,44.48952033,-123.2807107,51.95494745,0.886,766.038,0.007,0.008,0.026,3,-0.51,-0.23,-0.51
BICK,3,44.48952029,-123.2807106,51.96099726,0.91,754.101,0.007,0.008,0.025,3,-0.96,-0.1,0.1
BICK,3,44.48952034,-123.2807106,51.95993116,0.924,809.321,0.007,0.007,0.02,3,-0.44,-0.15,-0.01
BICK,3,44.48952035,-123.2807105,51.98445438,0.867,809.321,0.008,0.008,0.022,3,-0.32,0.59,2.45
BICK,3,44.48952034,-123.2807106,51.9729665,0.891,752.341,0.008,0.007,0.02,3,-0.46,-0.13,1.3
BICK,3,44.48952034,-123.2807107,51.96209726,0.922,809.321,0.008,0.008,0.021,3,-0.37,-0.68,0.21
BICK,3,44.48952029,-123.2807107,51.9650569,0.92,752.341,0.007,0.007,0.02,3,-0.94,-0.52,0.51
BICK,3,44.48952031,-123.2807107,51.94746994,0.945,809.321,0.007,0.007,0.019,3,-0.76,-0.23,-1.25
BICK,3,44.48952025,-123.2807105,51.9739427,0.929,752.341,0.006,0.006,0.018,3,-1.39,0.59,1.39
BICK,3,44.48952026,-123.2807105,51.97575409,0.871,814.625,0.008,0.007,0.022,3,-1.29,0.86,1.58
BICK,3,44.48952033,-123.2807106,51.98363082,0.899,757.645,0.008,0.008,0.022,3,-0.52,0.28,2.36
BICK,3,44.4895203,-123.2807106,51.97326806,0.902,754.101,0.008,0.007,0.023,3,-0.91,0.45,1.33
GLAS,3,44.51934226,-122.9960553,69.4601294,0.893,780.588,0.008,0.007,0.024,3,-0.1,-0.53,1.71
GLAS,3,44.5193423,-122.9960552,69.45115296,0.903,788.982,0.008,0.008,0.028,3,0.37,0.04,0.82
GLAS,3,44.51934222,-122.9960548,69.45155982,0.895,762.158,0.007,0.01,0.024,3,-0.51,3.08,0.86
GLAS,3,44.5193422,-122.9960553,69.4726496,0.87,753.765,0.006,0.006,0.022,3,-0.77,-0.24,2.96
GLAS,3,44.51934224,-122.9960552,69.44930696,0.889,814.289,0.008,0.008,0.025,3,-0.29,-0.1,0.63
GLAS,3,44.51934226,-122.9960552,69.45847308,0.897,765.703,0.006,0.008,0.024,3,-0.07,-0.14,1.55
GLAS,3,44.51934223,-122.9960552,69.44624834,0.89,753.765,0.007,0.008,0.025,3,-0.41,0.29,0.32
GLAS,3,44.51934224,-122.9960551,69.41907393,0.873,753.765,0.008,0.014,0.021,3,-0.27,1.23,-2.39
GLAS,3,44.51934221,-122.9960552,69.47257417,0.87,814.289,0.008,0.009,0.026,3,-0.62,-0.07,2.96
GLAS,3,44.5193423,-122.9960553,69.42857236,0.886,757.309,0.009,0.01,0.026,3,0.34,-1,-1.44
GLAS,3,44.51934214,-122.9960552,69.45741055,0.914,753.765,0.008,0.006,0.02,3,-1.37,0.05,1.44
GLAS,3,44.51934226,-122.9960553,69.45028983,0.887,753.765,0.007,0.006,0.02,3,-0.11,-0.38,0.73
LBCC,3,44.58498568,-123.1181763,46.97085135,0.889,808.547,0.008,0.007,0.027,3,-0.28,0.31,2.09
LBCC,3,44.58498567,-123.1181763,46.98708022,0.869,806.716,0.008,0.007,0.029,3,-0.34,0.49,3.71
LBCC,3,44.58498569,-123.1181763,46.97225528,0.913,749.736,0.008,0.007,0.028,3,-0.14,0.31,2.23
LBCC,2.991666667,44.58498562,-123.1181763,46.95619756,0.929,759.961,0.006,0.008,0.024,3,-0.95,0.65,0.62
LBCC,3,44.58498564,-123.1181764,46.95892853,0.897,765.264,0.011,0.011,0.039,3,-0.65,-0.44,0.89
LBCC,3,44.58498569,-123.1181764,46.93647301,0.916,761.72,0.008,0.008,0.026,3,-0.12,-0.53,-1.35
LBCC,3,44.58498561,-123.1181763,46.94838108,0.86,753.327,0.006,0.008,0.027,3,-1.02,-0.04,-0.16
LBCC,3,44.58498568,-123.1181764,46.94880645,0.886,808.547,0.007,0.009,0.031,3,-0.22,-0.51,-0.12
LBCC,3,44.58498573,-123.1181764,46.94065918,0.858,808.547,0.007,0.007,0.024,3,0.31,-0.89,-0.93
LBCC,3,44.58498569,-123.1181765,46.95111913,0.9,751.567,0.007,0.018,0.027,3,-0.16,-1.62,0.11
LBCC,3,44.58498555,-123.1181768,46.97491551,0.879,751.567,0.006,0.014,0.026,3,-1.67,-4,2.49
LBCC,3,44.58498563,-123.1181764,46.94041202,0.889,765.264,0.007,0.007,0.025,3,-0.79,-0.4,-0.96
LBCC,3,44.58498562,-123.1181768,46.9547989,0.887,753.327,0.009,0.009,0.031,3,-0.95,-3.6,0.48
LBCC,3,44.58498543,-123.1181772,47.01013952,0.847,753.327,0.014,0.015,0.038,3,-3.03,-6.76,6.01
LBCC,3,44.58498576,-123.1181766,46.92160389,0.891,808.547,0.011,0.014,0.047,3,0.64,-1.92,-2.84
LBCC,3,44.58498569,-123.1181766,46.90572791,0.839,808.547,0.009,0.012,0.034,3,-0.18,-1.81,-4.43
LBCC,3,44.58498572,-123.1181766,46.9118347,0.899,751.567,0.008,0.009,0.025,3,0.2,-1.7,-3.82
LBCC,3,44.58498575,-123.1181765,46.92752185,0.888,751.567,0.007,0.007,0.023,3,0.48,-1.1,-2.25
LBCC,3,44.58498568,-123.1181765,46.96010299,0.893,751.567,0.008,0.009,0.029,3,-0.21,-1.18,1.01
LBCC,3,44.58498567,-123.1181766,46.96760603,0.885,753.327,0.009,0.015,0.032,3,-0.38,-1.83,1.76
LBCC,3,44.58498577,-123.1181765,46.91786519,0.864,753.327,0.008,0.008,0.031,3,0.73,-1.42,-3.21
U727,3,44.59391673,-123.5471758,204.3946758,0.897,751.714,0.009,0.009,0.032,3,-0.33,0.71,-0.33
U727,3,44.59391677,-123.5471758,204.3715371,0.901,813.998,0.009,0.01,0.043,3,0.13,1.33,-2.65
U727,3,44.59391677,-123.547176,204.3901151,0.918,751.642,0.008,0.008,0.026,3,0.12,-0.31,-0.79
U727,3,44.5939168,-123.547176,204.3679505,0.874,818.846,0.007,0.01,0.027,3,0.48,-0.45,-3
U727,3,44.59391677,-123.5471759,204.3620554,0.907,751.714,0.008,0.009,0.029,3,0.08,-0.06,-3.59
U727,3,44.59391676,-123.5471759,204.3885237,0.919,808.694,0.006,0.008,0.026,3,0,0.27,-0.95
U727,3,44.59391673,-123.5471759,204.377355,0.883,753.473,0.008,0.01,0.031,3,-0.31,0.24,-2.06
U727,3,44.59391683,-123.547176,204.3774302,0.894,818.846,0.008,0.01,0.026,3,0.81,-0.39,-2.06
U727,3,44.59391677,-123.5471759,204.4159899,0.889,751.714,0.008,0.009,0.026,3,0.1,-0.04,1.8
U727,3,44.59391684,-123.547176,204.380015,0.914,808.694,0.009,0.011,0.029,3,0.84,-0.64,-1.8
U727,3,44.59391669,-123.5471759,204.4297531,0.905,753.473,0.008,0.008,0.026,3,-0.84,0.21,3.18
U727,3,44.59391679,-123.5471758,204.4106569,0.893,818.847,0.008,0.01,0.03,3,0.34,1.16,1.27
Y683,3,44.68914758,-123.2189186,71.62014859,0.905,749.012,0.007,0.007,0.026,3,-0.03,0.58,-0.59
Y683,3,44.68914761,-123.2189187,71.62145833,0.93,813.127,0.006,0.006,0.024,3,0.26,0.39,-0.45
Y683,3,44.68914759,-123.2189187,71.59982372,0.931,749.012,0.007,0.007,0.022,3,0.01,0.1,-2.62
Y683,3,44.68914761,-123.2189187,71.61248074,0.887,779.426,0.008,0.008,0.025,3,0.31,-0.05,-1.35
Y683,3,44.68914757,-123.2189187,71.63711093,0.901,787.819,0.008,0.008,0.03,3,-0.16,-0.12,1.11
Y683,3,44.68914759,-123.2189187,71.60779601,0.918,750.771,0.006,0.006,0.021,3,0.07,0.2,-1.82
Y683,3,44.68914763,-123.2189187,71.62035625,0.863,817.976,0.006,0.007,0.025,3,0.51,-0.14,-0.56
Y683,3,44.68914756,-123.2189187,71.61729339,0.91,750.843,0.006,0.007,0.023,3,-0.31,-0.14,-0.87
Y683,3,44.68914759,-123.2189187,71.63942599,0.929,813.127,0.006,0.007,0.023,3,0.03,0.02,1.34
Y683,3,44.68914756,-123.2189187,71.63383272,0.882,813.127,0.008,0.008,0.026,3,-0.26,0.13,0.78
Y683,3,44.68914761,-123.2189188,71.63014634,0.9,764.54,0.007,0.008,0.026,3,0.25,-0.75,0.41
Y683,3,44.68914761,-123.2189187,71.62442276,0.893,752.602,0.006,0.007,0.022,3,0.25,0.05,-0.16
Y683,3,44.68914766,-123.2189187,71.6356093,0.908,817.976,0.008,0.007,0.02,3,0.83,-0.17,0.96
Y683,3,44.6891476,-123.2189188,71.62089712,0.903,750.843,0.007,0.007,0.021,3,0.18,-0.55,-0.51
Y683,3,44.68914749,-123.2189187,71.60379179,0.933,807.823,0.007,0.008,0.02,3,-1.08,-0.05,-2.22
Y683,3,44.68914757,-123.2189186,71.64252935,0.865,813.127,0.008,0.01,0.026,3,-0.13,0.6,1.65
Y683,3,44.68914759,-123.2189188,71.63680888,0.893,756.147,0.008,0.008,0.021,3,0.01,-0.45,1.08
Y683,3,44.68914756,-123.2189186,71.64987406,0.908,752.602,0.006,0.006,0.018,3,-0.3,0.54,2.39
Y683,3,44.68914762,-123.2189186,71.66827501,0.894,817.976,0.007,0.006,0.02,3,0.41,0.95,4.23
B726,4,44.64840741,-123.0626611,42.07188284,0.831,739.517,0.006,0.006,0.021,4,0.25,0.24,1.79
B726,4,44.64840743,-123.0626611,42.04423167,0.821,819.924,0.006,0.006,0.024,4,0.45,0.18,-0.98
B726,4,44.64840741,-123.0626612,42.0402001,0.802,813.362,0.006,0.006,0.022,4,0.29,-0.29,-1.38
B726,4,44.64840747,-123.0626612,42.07347824,0.808,798.328,0.006,0.006,0.021,4,0.94,-0.48,1.95
B726,4,44.64840718,-123.0626612,42.03795733,0.724,762.796,0.009,0.009,0.025,4,-2.3,-0.64,-1.6
B726,4,44.64840716,-123.0626613,42.04306408,0.837,720.991,0.007,0.01,0.02,4,-2.53,-1.26,-1.09
B726,4,44.64840717,-123.0626611,42.05501925,0.781,736.025,0.008,0.007,0.018,4,-2.44,0.09,0.1
B726,4,44.64840724,-123.0626611,42.05308849,0.729,785.87,0.008,0.007,0.022,4,-1.69,0.02,-0.09
BICK,4,44.48952028,-123.2807106,51.97094242,0.842,788.893,0.006,0.009,0.017,4,-1.1,-0.05,1.09
BICK,4,44.48952031,-123.2807106,51.95457048,0.761,809.25,0.005,0.006,0.017,4,-0.75,0.46,-0.54
BICK,4,44.48952028,-123.2807106,51.95454822,0.818,809.25,0.005,0.006,0.02,4,-1.03,0.35,-0.55
BICK,4,44.48952029,-123.2807105,51.96830272,0.826,788.893,0.006,0.006,0.019,4,-0.98,0.73,0.83
BICK,4,44.48952031,-123.2807105,51.97468799,0.862,817.643,0.005,0.006,0.018,4,-0.77,0.81,1.47
BICK,3.991666667,44.48952029,-123.2807106,51.97365952,0.936,814.625,0.005,0.006,0.02,4,-0.95,0.37,1.37
BICK,4,44.48952031,-123.2807106,51.96571229,0.86,809.25,0.005,0.005,0.016,4,-0.73,0.37,0.57
BICK,4,44.48952035,-123.2807106,51.95556608,0.782,812.794,0.006,0.006,0.021,4,-0.29,-0.07,-0.44
BICK,4,44.48952032,-123.2807106,51.96509753,0.847,819.474,0.006,0.006,0.021,4,-0.67,-0.04,0.51
BICK,4,44.48952031,-123.2807106,51.9536464,0.847,799.52,0.005,0.006,0.017,4,-0.8,-0.04,-0.64
BICK,4,44.48952036,-123.2807107,51.95715418,0.851,698.607,0.005,0.006,0.018,4,-0.17,-0.29,-0.28
BICK,4,44.48952036,-123.2807106,51.95626686,0.757,814.625,0.006,0.006,0.019,4,-0.22,-0.07,-0.37
BICK,4,44.48952034,-123.2807107,51.94856606,0.842,734.758,0.006,0.006,0.017,4,-0.44,-0.56,-1.14
BICK,4,44.48952032,-123.2807107,51.95970398,0.869,740.781,0.006,0.006,0.021,4,-0.7,-0.4,-0.03
BICK,4,44.4895203,-123.2807107,51.9588988,0.878,765.316,0.005,0.006,0.017,4,-0.9,-0.35,-0.11
BICK,4,44.48952031,-123.2807106,51.9607102,0.838,714.401,0.006,0.006,0.02,4,-0.79,-0.07,0.07
BICK,4,44.48952028,-123.2807106,51.96927218,0.858,759.867,0.005,0.006,0.016,4,-1.08,0.34,0.93
BICK,4,44.48952027,-123.2807106,51.97960881,0.77,730.524,0.007,0.008,0.021,4,-1.25,0.31,1.96
BICK,4,44.48952032,-123.2807106,51.96728201,0.809,742.612,0.006,0.007,0.021,4,-0.6,-0.21,0.73
BICK,4,44.48952026,-123.2807106,51.97682795,0.814,730.648,0.007,0.006,0.019,4,-1.26,0.42,1.68
GLAS,4,44.51934226,-122.9960553,69.46124998,0.799,812.458,0.006,0.006,0.021,4,-0.07,-0.25,1.82
GLAS,4,44.51934227,-122.9960552,69.45520131,0.819,819.138,0.006,0.007,0.022,4,0.11,-0.13,1.22
GLAS,4,44.51934226,-122.9960552,69.46016054,0.837,799.184,0.005,0.006,0.019,4,-0.1,-0.17,1.72
GLAS,4,44.51934218,-122.9960553,69.4461618,0.816,773.855,0.005,0.006,0.016,4,-0.97,-0.3,0.32
GLAS,4,44.5193422,-122.9960552,69.4447429,0.77,730.499,0.008,0.008,0.022,4,-0.69,0.34,0.17
GLAS,4,44.51934223,-122.9960553,69.45898111,0.795,742.276,0.007,0.01,0.026,4,-0.4,-0.92,1.6
GLAS,4,44.51934212,-122.9960552,69.46384751,0.799,730.312,0.008,0.008,0.024,4,-1.58,-0.16,2.08
GLAS,4,44.51934228,-122.9960553,69.43184413,0.816,765.291,0.006,0.006,0.017,4,0.16,-1,-1.12
LBCC,4,44.58498565,-123.1181763,46.95560459,0.834,788.119,0.006,0.006,0.021,4,-0.61,0.34,0.56
LBCC,4,44.58498567,-123.1181763,46.96287876,0.764,808.476,0.006,0.006,0.022,4,-0.34,0.2,1.29
LBCC,4,44.58498568,-123.1181763,46.97363005,0.843,808.476,0.006,0.006,0.021,4,-0.28,0.2,2.36
LBCC,3.991666667,44.58498563,-123.1181763,46.96933843,0.912,751.567,0.005,0.006,0.02,4,-0.84,0.61,1.93
LBCC,4,44.58498564,-123.1181763,46.94802112,0.836,820.414,0.006,0.006,0.021,4,-0.7,0.15,-0.2
LBCC,4,44.58498569,-123.1181764,46.94265255,0.828,798.746,0.006,0.006,0.022,4,-0.17,-0.34,-0.73
LBCC,4,44.58498561,-123.1181764,46.93552742,0.818,778.616,0.006,0.006,0.018,4,-1.01,-0.28,-1.45
LBCC,4,44.58498571,-123.1181764,46.93837153,0.831,698.009,0.006,0.006,0.022,4,0.11,-0.66,-1.16
LBCC,4,44.58498569,-123.1181766,46.95514504,0.734,792.211,0.007,0.01,0.025,4,-0.14,-2.4,0.51
LBCC,4,44.5849857,-123.1181765,46.95852085,0.836,743.476,0.006,0.007,0.021,4,-0.05,-1.21,0.85
LBCC,4,44.58498575,-123.1181766,46.92019996,0.745,741.645,0.008,0.008,0.021,4,0.5,-1.92,-2.98
LBCC,4,44.58498569,-123.1181765,46.93146086,0.845,721.481,0.008,0.008,0.023,4,-0.19,-0.97,-1.85
LBCC,4,44.58498566,-123.1181764,46.94986838,0.804,729.874,0.008,0.011,0.024,4,-0.46,-0.7,-0.01
LBCC,4,44.58498577,-123.1181766,46.92856522,0.803,764.719,0.006,0.007,0.021,4,0.8,-2.15,-2.14
U727,4,44.59391674,-123.5471758,204.3879194,0.813,808.622,0.006,0.006,0.024,4,-0.22,0.83,-1.01
U727,4,44.59391674,-123.5471758,204.3862304,0.824,788.265,0.008,0.009,0.032,4,-0.2,0.85,-1.18
U727,4,44.59391676,-123.547176,204.3857262,0.811,813.998,0.005,0.007,0.023,4,-0.01,-0.34,-1.23
U727,4,44.5939168,-123.547176,204.3559034,0.826,798.964,0.006,0.008,0.022,4,0.4,-0.5,-4.21
U727,4,44.59391677,-123.5471759,204.3828566,0.836,740.153,0.007,0.009,0.024,4,0.13,-0.06,-1.51
U727,4,44.59391677,-123.547176,204.3687204,0.861,740.153,0.007,0.01,0.028,4,0.12,-0.36,-2.93
U727,4,44.59391673,-123.5471759,204.4093927,0.793,736.661,0.007,0.008,0.021,4,-0.38,0.35,1.14
U727,4,44.5939168,-123.5471759,204.3966229,0.764,786.506,0.007,0.008,0.024,4,0.46,0.44,-0.14
Y683,4,44.68914758,-123.2189186,71.63785634,0.856,816.145,0.005,0.006,0.018,4,-0.09,0.6,1.19
Y683,4,44.6891476,-123.2189187,71.63059905,0.865,807.751,0.006,0.006,0.02,4,0.2,0.24,0.46
Y683,4,44.68914759,-123.2189187,71.61545451,0.86,807.751,0.005,0.005,0.017,4,0.01,0.22,-1.05
Y683,4,44.68914759,-123.2189187,71.61224265,0.802,811.296,0.006,0.006,0.021,4,0.05,-0.3,-1.38
Y683,4,44.68914758,-123.2189187,71.63054516,0.843,817.976,0.006,0.006,0.022,4,-0.07,-0.23,0.45
Y683,4,44.68914759,-123.2189187,71.61524923,0.812,813.127,0.005,0.006,0.018,4,0.03,0.09,-1.08
Y683,4,44.68914763,-123.2189188,71.61924244,0.827,798.093,0.005,0.006,0.017,4,0.48,-0.41,-0.68
Y683,4,44.6891476,-123.2189188,71.61123734,0.878,763.886,0.005,0.006,0.017,4,0.15,-0.63,-1.48
Y683,4,44.68914756,-123.2189187,71.61729339,0.806,718.925,0.006,0.007,0.024,4,-0.31,-0.14,-0.87
Y683,4,44.68914754,-123.2189187,71.63789923,0.784,729.094,0.007,0.008,0.021,4,-0.52,0.32,1.19
Y683,4,44.68914758,-123.2189188,71.61876626,0.815,741.113,0.006,0.007,0.021,4,-0.03,-0.91,-0.72
Y683,4,44.68914759,-123.2189187,71.6452128,0.794,735.79,0.006,0.006,0.016,4,0.02,0.29,1.92
Y683,4,44.68914763,-123.2189187,71.6393831,0.774,779.941,0.006,0.006,0.018,4,0.46,0.3,1.34
B726,5,44.6484074,-123.0626611,42.0671031,0.792,744.821,0.005,0.006,0.018,5,0.16,0.3,1.31
B726,5,44.64840745,-123.0626611,42.04781894,0.821,754.551,0.006,0.006,0.021,5,0.66,0.01,-0.62
B726,5,44.64840744,-123.0626612,42.05474741,0.789,803.632,0.006,0.006,0.018,5,0.54,-0.33,0.07
B726,5,44.64840742,-123.0626612,42.05281917,0.803,777.971,0.006,0.006,0.02,5,0.31,-0.55,-0.12
B726,5,44.64840723,-123.0626612,42.0356335,0.767,806.227,0.006,0.006,0.02,5,-1.79,-0.39,-1.84
B726,5,44.64840718,-123.0626612,42.03647832,0.839,777.971,0.006,0.006,0.018,5,-2.3,-0.47,-1.75
B726,5,44.64840719,-123.0626611,42.06720479,0.829,785.87,0.006,0.006,0.016,5,-2.24,0.44,1.32
B726,5,44.64840735,-123.062661,42.06041828,0.809,785.87,0.007,0.006,0.021,5,-0.44,0.74,0.64
BICK,5,44.48952026,-123.2807107,51.98740039,0.875,788.893,0.005,0.006,0.016,5,-1.31,-0.97,2.74
BICK,5,44.48952031,-123.2807106,51.95714642,0.783,809.25,0.005,0.005,0.016,5,-0.73,0.21,-0.29
BICK,5,44.48952028,-123.2807106,51.95232699,0.808,799.52,0.005,0.006,0.017,5,-1.09,-0.21,-0.77
BICK,5,44.48952034,-123.2807107,51.96825535,0.831,809.25,0.006,0.006,0.019,5,-0.41,-0.85,0.83
BICK,5,44.48952028,-123.2807105,51.97744659,0.844,809.25,0.005,0.005,0.016,5,-1.04,0.59,1.74
BICK,4.991666667,44.48952029,-123.2807106,51.97794245,0.839,809.25,0.005,0.005,0.016,5,-0.95,0.45,1.79
BICK,5,44.48952032,-123.2807106,51.96680453,0.834,811.081,0.004,0.005,0.015,5,-0.69,0.29,0.68
BICK,5,44.48952034,-123.2807106,51.96979418,0.782,790.977,0.005,0.006,0.018,5,-0.43,0.07,0.98
BICK,5,44.48952031,-123.2807106,51.96419183,0.784,809.25,0.005,0.006,0.019,5,-0.72,-0.18,0.42
BICK,5,44.48952032,-123.2807106,51.95673658,0.833,755.814,0.005,0.006,0.015,5,-0.68,-0.07,-0.33
BICK,5,44.48952034,-123.2807106,51.98004867,0.842,714.401,0.005,0.006,0.015,5,-0.45,0.2,2
BICK,5,44.48952035,-123.2807106,51.98017144,0.806,734.758,0.006,0.006,0.017,5,-0.32,0.5,2.02
BICK,5,44.48952035,-123.2807106,51.9581604,0.816,801.467,0.006,0.006,0.015,5,-0.26,0.04,-0.18
BICK,5,44.48952032,-123.2807107,51.96318562,0.821,724.13,0.006,0.006,0.017,5,-0.62,-0.51,0.32
BICK,5,44.4895203,-123.2807107,51.9588988,0.838,710.167,0.005,0.005,0.014,5,-0.9,-0.35,-0.11
BICK,5,44.48952032,-123.2807107,51.95165235,0.803,708.336,0.006,0.006,0.016,5,-0.61,-0.34,-0.83
BICK,5,44.48952026,-123.2807105,51.96757968,0.876,701.075,0.005,0.006,0.015,5,-1.33,0.62,0.76
BICK,5,44.48952026,-123.2807105,51.98300442,0.799,787.504,0.006,0.006,0.017,5,-1.3,0.61,2.3
BICK,5,44.48952032,-123.2807106,51.97368177,0.763,722.255,0.006,0.006,0.016,5,-0.67,0.48,1.37
BICK,5,44.48952026,-123.2807106,51.98209873,0.855,742.612,0.005,0.006,0.016,5,-1.35,0.47,2.21
GLAS,5,44.51934226,-122.9960553,69.45844194,0.774,790.952,0.006,0.006,0.02,5,-0.07,-0.5,1.54
GLAS,5,44.51934225,-122.9960552,69.46712007,0.776,808.914,0.006,0.006,0.02,5,-0.22,-0.15,2.41
GLAS,5,44.51934224,-122.9960552,69.44821751,0.817,755.478,0.005,0.006,0.017,5,-0.33,-0.02,0.52
GLAS,5,44.5193422,-122.9960553,69.44138115,0.833,779.054,0.005,0.006,0.016,5,-0.78,-0.49,-0.16
GLAS,5,44.5193422,-122.9960553,69.45125187,0.807,808.986,0.007,0.008,0.021,5,-0.76,-0.28,0.83
GLAS,5,44.51934224,-122.9960552,69.44333373,0.744,721.919,0.006,0.006,0.017,5,-0.27,-0.15,0.03
GLAS,5,44.51934214,-122.9960553,69.47340193,0.853,742.276,0.006,0.006,0.019,5,-1.4,-0.27,3.04
GLAS,5,44.51934227,-122.9960553,69.45000467,0.827,793.932,0.005,0.005,0.015,5,0.06,-0.35,0.7
LBCC,5,44.58498566,-123.1181763,46.95908525,0.87,788.119,0.005,0.006,0.018,5,-0.53,0.23,0.91
LBCC,5,44.58498567,-123.1181763,46.96604658,0.765,808.476,0.005,0.006,0.019,5,-0.37,0.01,1.6
LBCC,5,44.58498567,-123.1181763,46.97440831,0.825,810.307,0.005,0.006,0.019,5,-0.35,0.03,2.44
LBCC,4.991666667,44.58498563,-123.1181763,46.95110912,0.804,745.311,0.005,0.006,0.016,5,-0.87,0.37,0.11
LBCC,5,44.58498562,-123.1181763,46.95279672,0.849,755.04,0.005,0.006,0.017,5,-0.89,0.34,0.28
LBCC,5,44.58498569,-123.1181764,46.93857537,0.821,755.04,0.005,0.006,0.018,5,-0.19,-0.28,-1.14
LBCC,5,44.58498563,-123.1181764,46.93781507,0.823,778.616,0.005,0.006,0.017,5,-0.82,-0.5,-1.22
LBCC,5,44.58498575,-123.1181764,46.92754748,0.818,698.009,0.006,0.007,0.02,5,0.47,-0.74,-2.25
LBCC,5,44.58498574,-123.1181765,46.93557074,0.768,718.366,0.008,0.009,0.023,5,0.39,-1.16,-1.44
LBCC,5,44.58498572,-123.1181765,46.93904787,0.849,700.478,0.006,0.007,0.02,5,0.18,-1.03,-1.1
LBCC,5,44.58498583,-123.1181766,46.90811014,0.759,785.076,0.007,0.009,0.024,5,1.41,-2.19,-4.19
LBCC,5,44.58498571,-123.1181765,46.9444998,0.85,756.82,0.005,0.006,0.018,5,0.07,-1.2,-0.55
LBCC,5,44.58498564,-123.1181764,46.95466961,0.835,741.838,0.006,0.006,0.021,5,-0.65,-0.15,0.47
LBCC,5,44.58498577,-123.1181765,46.94243015,0.825,771.854,0.006,0.007,0.018,5,0.69,-1.58,-0.76
U727,5,44.59391675,-123.5471758,204.3830457,0.803,798.893,0.006,0.006,0.022,5,-0.16,0.69,-1.5
U727,5,44.59391676,-123.5471758,204.3790741,0.835,808.622,0.006,0.007,0.025,5,-0.05,0.69,-1.89
U727,5,44.59391675,-123.547176,204.3839286,0.783,804.268,0.005,0.006,0.022,5,-0.11,-0.26,-1.41
U727,5,44.5939168,-123.547176,204.3683441,0.826,778.607,0.005,0.007,0.021,5,0.44,-0.53,-2.97
U727,5,44.59391675,-123.5471759,204.4008559,0.802,800.158,0.007,0.007,0.022,5,-0.1,0.3,0.29
U727,5,44.5939168,-123.547176,204.3750155,0.811,729.526,0.007,0.008,0.024,5,0.49,-0.47,-2.3
U727,5,44.59391668,-123.5471759,204.4188079,0.843,786.506,0.006,0.006,0.019,5,-0.88,0.43,2.08
U727,5,44.59391678,-123.5471758,204.4180068,0.833,786.506,0.006,0.006,0.022,5,0.18,1.1,2
Y683,5,44.68914757,-123.2189187,71.63733729,0.842,807.751,0.005,0.005,0.017,5,-0.18,0.38,1.13
Y683,5,44.6891476,-123.2189187,71.63397404,0.828,807.751,0.005,0.006,0.017,5,0.15,0.19,0.8
Y683,5,44.68914757,-123.2189187,71.62148014,0.771,789.547,0.005,0.006,0.02,5,-0.16,-0.25,-0.45
Y683,5,44.68914757,-123.2189187,71.63392014,0.777,807.751,0.005,0.006,0.021,5,-0.13,-0.29,0.79
Y683,5,44.68914759,-123.2189187,71.618938,0.793,803.397,0.005,0.006,0.017,5,0.09,0.11,-0.71
Y683,5,44.6891476,-123.2189188,71.62946416,0.834,777.736,0.006,0.007,0.02,5,0.17,-0.39,0.35
Y683,5,44.68914759,-123.2189188,71.61780311,0.842,708.737,0.005,0.006,0.015,5,0.06,-0.53,-0.82
Y683,5,44.68914754,-123.2189187,71.61458885,0.8,728.655,0.006,0.006,0.017,5,-0.46,-0.19,-1.14
Y683,5,44.68914753,-123.2189186,71.63830978,0.794,807.823,0.006,0.007,0.018,5,-0.56,0.6,1.23
Y683,5,44.68914759,-123.2189187,71.62826292,0.749,720.756,0.006,0.006,0.017,5,0.01,-0.25,0.23
Y683,5,44.68914755,-123.2189186,71.65324905,0.847,785.635,0.005,0.005,0.015,5,-0.35,0.48,2.72
Y683,5,44.68914761,-123.2189186,71.66349351,0.835,785.635,0.005,0.005,0.016,5,0.32,1,3.75
B726,7,44.64840734,-123.0626611,42.06285355,0.811,739.517,0.005,0.006,0.017,7,-0.54,0.18,0.89
B726,7,44.64840739,-123.0626611,42.04338937,0.826,749.247,0.005,0.006,0.017,7,-0.03,0.12,-1.06
B726,7,44.64840741,-123.0626611,42.03394135,0.833,813.362,0.005,0.006,0.016,7,0.2,-0.07,-2.01
B726,7,44.64840737,-123.0626612,42.05257311,0.851,787.701,0.005,0.006,0.017,7,-0.23,-0.55,-0.14
BICK,7,44.4895203,-123.2807106,51.96260373,0.85,765.316,0.004,0.005,0.013,7,-0.84,0.04,0.26
BICK,7,44.48952032,-123.2807106,51.95595366,0.796,814.625,0.004,0.005,0.014,7,-0.61,0.1,-0.4
BICK,7,44.48952031,-123.2807106,51.95136141,0.824,791.738,0.004,0.005,0.013,7,-0.72,-0.07,-0.86
BICK,7,44.48952024,-123.2807108,51.96536709,0.845,797.761,0.005,0.006,0.016,7,-1.53,-1.55,0.54
BICK,7,44.48952029,-123.2807106,51.96529857,0.867,728.693,0.004,0.005,0.013,7,-0.97,0.34,0.53
BICK,6.991666667,44.48952029,-123.2807106,51.97405098,0.845,803.227,0.005,0.005,0.014,7,-0.98,0.28,1.41
BICK,7,44.4895203,-123.2807106,51.96670012,0.861,787.504,0.004,0.004,0.012,7,-0.82,0.34,0.67
BICK,7,44.48952033,-123.2807106,51.97117348,0.778,785.673,0.005,0.006,0.016,7,-0.56,-0.05,1.12
BICK,7,44.48952033,-123.2807106,51.96281253,0.797,752.341,0.005,0.005,0.016,7,-0.58,-0.07,0.28
BICK,7,44.48952031,-123.2807106,51.96629029,0.864,750.51,0.005,0.005,0.013,7,-0.78,0.07,0.63
GLAS,7,44.51934223,-122.9960552,69.4586551,0.776,785.648,0.005,0.006,0.017,7,-0.37,-0.11,1.57
GLAS,7,44.51934224,-122.9960552,69.45745908,0.786,752.005,0.005,0.006,0.016,7,-0.25,-0.22,1.45
GLAS,7,44.51934222,-122.9960552,69.44273916,0.864,750.175,0.005,0.005,0.015,7,-0.49,0.04,-0.03
GLAS,7,44.51934221,-122.9960553,69.43382361,0.859,765.291,0.005,0.005,0.012,7,-0.59,-0.57,-0.92
LBCC,7,44.58498566,-123.1181764,46.94472574,0.834,764.719,0.005,0.006,0.015,7,-0.52,-0.2,-0.53
LBCC,7,44.58498567,-123.1181764,46.95020685,0.78,813.851,0.005,0.006,0.017,7,-0.35,-0.26,0.02
LBCC,7,44.58498567,-123.1181763,46.96643571,0.847,786.907,0.005,0.005,0.015,7,-0.41,-0.08,1.64
LBCC,6.991666667,44.58498564,-123.1181764,46.94391832,0.822,740.007,0.005,0.006,0.015,7,-0.72,-0.15,-0.61
LBCC,7,44.58498563,-123.1181763,46.94770828,0.844,749.736,0.005,0.006,0.016,7,-0.81,0.07,-0.23
LBCC,7,44.58498568,-123.1181764,46.94324905,0.861,749.736,0.005,0.006,0.016,7,-0.23,-0.28,-0.68
LBCC,7,44.58498568,-123.1181765,46.94374304,0.847,764.719,0.005,0.006,0.014,7,-0.28,-1.67,-0.63
U727,7,44.59391675,-123.5471759,204.3751874,0.817,797.133,0.005,0.006,0.019,7,-0.09,0.52,-2.28
U727,7,44.59391674,-123.5471759,204.3845349,0.843,797.133,0.005,0.006,0.022,7,-0.17,0.52,-1.35
U727,7,44.59391675,-123.5471759,204.3807504,0.834,813.998,0.005,0.006,0.018,7,-0.08,-0.06,-1.72
U727,7,44.5939168,-123.547176,204.3754154,0.872,788.337,0.005,0.006,0.017,7,0.45,-0.2,-2.26
Y683,7,44.68914757,-123.2189187,71.62687747,0.866,727.263,0.004,0.005,0.014,7,-0.13,0.11,0.09
Y683,7,44.6891476,-123.2189187,71.63566153,0.845,807.751,0.005,0.005,0.015,7,0.12,0.16,0.97
Y683,7,44.68914759,-123.2189187,71.62249718,0.767,784.243,0.005,0.006,0.017,7,0.02,-0.17,-0.35
Y683,7,44.68914758,-123.2189188,71.62475835,0.794,750.843,0.005,0.006,0.016,7,-0.06,-0.5,-0.12
Y683,7,44.6891476,-123.2189187,71.62540699,0.846,813.127,0.004,0.005,0.013,7,0.15,0.03,-0.06
Y683,7,44.68914763,-123.2189187,71.63001603,0.882,787.466,0.005,0.005,0.013,7,0.54,-0.06,0.4
B726,10,44.64840732,-123.0626612,42.04677105,0.836,728.89,0.004,0.005,0.013,10,-0.78,-0.33,-0.72
B726,10,44.64840733,-123.0626611,42.06212271,0.82,811.531,0.004,0.005,0.013,10,-0.61,-0.18,0.81
B726,10,44.64840738,-123.0626612,42.04860265,0.837,808.058,0.005,0.006,0.015,10,-0.12,-0.55,-0.54
BICK,10,44.48952032,-123.2807106,51.97477401,0.883,791.738,0.003,0.004,0.011,10,-0.63,0.39,1.48
BICK,10,44.48952033,-123.2807106,51.9708004,0.79,806.771,0.004,0.004,0.012,10,-0.52,0.4,1.08
BICK,10,44.48952032,-123.2807106,51.96101952,0.854,806.771,0.003,0.004,0.011,10,-0.69,0.01,0.1
BICK,10,44.48952029,-123.2807106,51.96787451,0.859,807.49,0.005,0.005,0.013,10,-0.94,0.09,0.79
BICK,10,44.4895203,-123.2807106,51.96618589,0.896,785.673,0.003,0.004,0.011,10,-0.91,0.12,0.62
BICK,9.991666667,44.4895203,-123.2807106,51.96151149,0.851,746.247,0.004,0.005,0.012,10,-0.87,0.12,0.15
BICK,10,44.48952029,-123.2807106,51.97067374,0.89,790.977,0.003,0.004,0.011,10,-0.93,0.34,1.07
BICK,10,44.48952031,-123.2807106,51.97724555,0.792,785.673,0.004,0.005,0.013,10,-0.74,0.2,1.72
BICK,10,44.48952032,-123.2807106,51.97088254,0.806,811.081,0.004,0.005,0.013,10,-0.67,0.23,1.09
BICK,10,44.4895203,-123.2807106,51.97246676,0.876,750.51,0.004,0.004,0.011,10,-0.83,0.26,1.25
GLAS,10,44.51934223,-122.9960552,69.45605678,0.79,785.648,0.005,0.005,0.013,10,-0.4,-0.22,1.31
GLAS,10,44.51934225,-122.9960552,69.45478532,0.806,810.745,0.005,0.005,0.013,10,-0.13,-0.16,1.18
GLAS,10,44.5193422,-122.9960552,69.4502967,0.875,750.175,0.004,0.005,0.012,10,-0.67,0.11,0.73
GLAS,10,44.51934223,-122.9960552,69.44491804,0.867,767.122,0.004,0.004,0.011,10,-0.42,-0.13,0.19
LBCC,10,44.58498566,-123.1181764,46.94540208,0.875,775.347,0.004,0.005,0.013,10,-0.44,-0.56,-0.46
LBCC,10,44.58498569,-123.1181763,46.95849228,0.767,812.02,0.005,0.005,0.015,10,-0.19,-0.07,0.85
LBCC,10,44.58498568,-123.1181764,46.95685534,0.881,790.38,0.004,0.005,0.012,10,-0.31,-0.57,0.69
LBCC,10,44.58498565,-123.1181764,46.94849008,0.843,729.379,0.004,0.005,0.013,10,-0.61,-0.34,-0.15
LBCC,10,44.58498566,-123.1181763,46.95269834,0.864,749.736,0.005,0.005,0.013,10,-0.46,-0.1,0.27
LBCC,10,44.58498571,-123.1181766,46.93141314,0.856,766.55,0.004,0.005,0.012,10,0.09,-1.94,-1.86
U727,10,44.59391674,-123.5471759,204.3955714,0.844,812.167,0.005,0.005,0.015,10,-0.28,0.49,-0.24
U727,10,44.59391677,-123.5471759,204.3785828,0.85,806.863,0.005,0.006,0.017,10,0.13,0.22,-1.94
U727,10,44.59391673,-123.5471759,204.3995367,0.821,812.167,0.004,0.005,0.015,10,-0.39,0.13,0.15
U727,10,44.59391681,-123.5471759,204.3962294,0.863,808.694,0.005,0.005,0.015,10,0.5,0.52,-0.18
Y683,10,44.68914757,-123.2189187,71.6266722,0.893,784.243,0.003,0.004,0.011,10,-0.11,-0.03,0.07
Y683,10,44.68914757,-123.2189187,71.62259395,0.836,745.077,0.004,0.005,0.013,10,-0.13,0.03,-0.34
Y683,10,44.68914757,-123.2189187,71.6343307,0.79,784.243,0.004,0.005,0.013,10,-0.17,-0.01,0.83
Y683,10,44.68914757,-123.2189187,71.62945243,0.808,809.582,0.004,0.005,0.013,10,-0.11,-0.14,0.35
Y683,10,44.68914758,-123.2189187,71.63685104,0.832,811.296,0.003,0.004,0.011,10,0.01,0.27,1.09
Y683,10,44.68914763,-123.2189187,71.64735539,0.864,807.823,0.004,0.004,0.011,10,0.51,0.4,2.14
