station,duration,IGS08LAT,IGS08LONG,IGS08ELIPHT,cp_mean(m),cp_std(m),sigmax(m),sigmay(m),sigmaz(m),NominalT,dn (cm),de (cm),dh (cm)
B726,2.01250,44.6484058,-123.0626636,42.37863182,0.0010,0.0430,0.0082,0.0092,0.0077,2,-17.70,-19.34,32.46
B726,2.01250,44.64840739,-123.0626612,42.01707928,-0.0010,0.0250,0.0064,0.0075,0.0068,2,0.04,-0.96,-3.69
B726,2.01250,44.64840759,-123.0626612,42.03428082,0.0000,0.0270,0.0083,0.0099,0.0087,2,2.28,-0.32,-1.97
B726,2.01250,44.64840742,-123.062661,42.05944231,-0.0010,0.0300,0.0176,0.0069,0.0075,2,0.33,0.89,0.54
B726,2.01250,44.6484075,-123.0626604,42.02239197,-0.0010,0.0380,0.0235,0.0072,0.0092,2,1.26,5.53,-3.16
B726,2.01250,44.64840739,-123.0626609,42.06201449,0.0000,0.0400,0.0160,0.0087,0.0079,2,0.06,2.14,0.80
B726,2.01250,44.64840716,-123.0626617,42.29877204,-0.0060,0.0680,0.0183,0.0069,0.0081,2,-2.53,-4.61,24.48
B726,2.01250,44.64840751,-123.0626609,42.04854698,0.0000,0.0230,0.0061,0.0054,0.0048,2,1.35,1.42,-0.55
B726,2.01250,44.64840749,-123.062661,42.07636742,0.0000,0.0280,0.0065,0.0065,0.0056,2,1.16,1.09,2.24
B726,2.01250,44.64840748,-123.0626607,42.07401857,0.0000,0.0240,0.0063,0.0051,0.0051,2,1.05,2.98,2.00
B726,2.01250,44.64840746,-123.0626605,42.04117747,0.0000,0.0290,0.0063,0.0059,0.0052,2,0.75,4.54,-1.28
B726,2.01250,44.64840746,-123.0626599,41.95811574,0.0000,0.0230,0.0112,0.0050,0.0060,2,0.79,10.07,-9.59
B726,2.01250,44.64840754,-123.0626603,41.98739035,0.0010,0.0360,0.0104,0.0055,0.0068,2,1.65,6.18,-6.66
B726,2.01250,44.64840747,-123.06266,42.03783054,-0.0020,0.0400,0.0128,0.0056,0.0064,2,0.96,8.96,-1.62
B726,1.89583,44.64840797,-123.0626624,41.8422299,0.0060,0.0920,0.0050,0.0125,0.0061,2,6.42,-10.03,-21.18
B726,2.01250,44.64840761,-123.0626615,42.10728421,0.0000,0.0200,0.0057,0.0067,0.0057,2,2.42,-2.85,5.33
B726,1.89583,44.64840797,-123.0626624,41.8422299,0.0060,0.0920,0.0050,0.0125,0.0061,2,6.42,-10.03,-21.18
B726,2.01250,44.64840735,-123.0626612,42.03578869,-0.0010,0.0220,0.0072,0.0083,0.0074,2,-0.46,-0.39,-1.82
BICK,2.01250,44.4895203,-123.2807107,51.98070442,0.0000,0.0190,0.0072,0.0082,0.0070,2,-0.88,-0.88,2.07
BICK,2.01250,44.48952045,-123.2807105,51.97158132,0.0000,0.0210,0.0080,0.0087,0.0057,2,0.76,0.75,1.16
BICK,2.01250,44.48952017,-123.2807108,52.03995421,0.0000,0.0200,0.0081,0.0086,0.0074,2,-2.27,-1.53,8.00
BICK,2.01250,44.48952029,-123.2807106,51.98010527,0.0000,0.0190,0.0081,0.0086,0.0064,2,-0.96,0.34,2.01
BICK,2.01250,44.48952022,-123.2807105,51.98559571,0.0000,0.0210,0.0104,0.0102,0.0059,2,-1.78,0.85,2.56
BICK,2.01250,44.4895203,-123.2807105,51.97432455,0.0000,0.0190,0.0080,0.0086,0.0060,2,-0.87,0.83,1.43
BICK,2.01250,44.4895204,-123.2807102,51.96843059,0.0010,0.0260,0.0132,0.0075,0.0062,2,0.28,3.12,0.84
BICK,2.01250,44.48952042,-123.2807106,51.93871242,0.0000,0.0190,0.0081,0.0086,0.0067,2,0.51,0.03,-2.13
BICK,2.01250,44.48952046,-123.2807103,51.92811162,0.0000,0.0200,0.0086,0.0094,0.0067,2,0.88,2.45,-3.19
BICK,2.01250,44.48952044,-123.2807104,51.96122653,0.0000,0.0210,0.0128,0.0078,0.0061,2,0.67,1.71,0.12
BICK,2.01250,44.48952036,-123.2807103,51.96374531,0.0000,0.0200,0.0142,0.0088,0.0066,2,-0.24,2.78,0.37
BICK,2.01250,44.48952051,-123.2807107,51.95445155,-0.0010,0.0220,0.0124,0.0053,0.0070,2,1.43,-0.31,-0.55
BICK,2.01250,44.4895206,-123.2807098,51.95876098,-0.0010,0.0240,0.0167,0.0059,0.0072,2,2.45,6.29,-0.12
BICK,2.01250,44.48952038,-123.2807106,51.981374,0.0000,0.0210,0.0153,0.0055,0.0076,2,0.08,0.40,2.14
BICK,2.01250,44.4895203,-123.2807106,51.98493123,0.0000,0.0210,0.0084,0.0049,0.0059,2,-0.85,0.01,2.49
BICK,2.01250,44.4895204,-123.2807107,51.97045497,0.0010,0.0200,0.0138,0.0054,0.0074,2,0.20,-0.38,1.05
BICK,2.01250,44.48952032,-123.2807104,51.96868197,0.0000,0.0200,0.0064,0.0052,0.0052,2,-0.62,1.50,0.87
BICK,2.01250,44.48952047,-123.2807106,51.95334547,0.0000,0.0190,0.0161,0.0054,0.0076,2,1.06,-0.11,-0.67
BICK,2.01250,44.48952037,-123.2807112,51.99229226,0.0000,0.0230,0.0155,0.0054,0.0076,2,-0.06,-4.45,3.23
BICK,2.01250,44.48952041,-123.2807106,51.97211878,0.0000,0.0230,0.0064,0.0051,0.0051,2,0.36,-0.14,1.21
BICK,2.01250,44.48952034,-123.2807106,51.96615259,0.0000,0.0190,0.0067,0.0049,0.0053,2,-0.39,0.23,0.62
BICK,2.01250,44.4895204,-123.2807106,51.98052932,0.0000,0.0210,0.0092,0.0062,0.0055,2,0.27,0.39,2.05
BICK,2.01250,44.48952045,-123.2807107,51.95960049,-0.0010,0.0220,0.0063,0.0058,0.0048,2,0.80,-0.27,-0.04
BICK,2.01250,44.48952044,-123.2807104,51.98759704,0.0000,0.0200,0.0075,0.0060,0.0050,2,0.64,1.57,2.76
BICK,2.01250,44.48952036,-123.2807103,51.98686154,0.0000,0.0220,0.0120,0.0063,0.0058,2,-0.22,2.78,2.69
BICK,2.01250,44.48952036,-123.2807105,51.98856644,0.0010,0.0190,0.0083,0.0061,0.0053,2,-0.18,0.86,2.86
BICK,2.01250,44.4895203,-123.2807103,51.96140689,0.0010,0.0200,0.0122,0.0051,0.0058,2,-0.82,2.49,0.14
BICK,2.01250,44.48952033,-123.2807105,51.97738682,0.0010,0.0220,0.0071,0.0063,0.0050,2,-0.58,1.22,1.74
BICK,2.01250,44.48952043,-123.2807105,51.96221078,0.0010,0.0190,0.0074,0.0060,0.0050,2,0.61,0.98,0.22
BICK,2.01250,44.48952034,-123.2807104,51.96689197,0.0000,0.0200,0.0123,0.0052,0.0058,2,-0.43,1.50,0.69
BICK,2.01250,44.48952034,-123.2807105,51.96318037,0.0000,0.0210,0.0124,0.0055,0.0057,2,-0.36,1.03,0.32
BICK,2.01250,44.48952032,-123.2807106,51.98957657,0.0000,0.0210,0.0070,0.0060,0.0059,2,-0.59,0.46,2.96
BICK,2.01250,44.48952038,-123.2807104,51.9513825,0.0000,0.0220,0.0103,0.0047,0.0059,2,0.05,1.59,-0.86
BICK,2.01250,44.48952035,-123.2807105,51.96489944,0.0000,0.0210,0.0085,0.0052,0.0060,2,-0.34,1.15,0.49
BICK,2.00833,44.48952031,-123.2807104,51.99628951,0.0000,0.0200,0.0067,0.0087,0.0067,2,-0.80,1.60,3.63
BICK,2.01250,44.48952029,-123.2807105,51.98793278,0.0000,0.0220,0.0076,0.0056,0.0059,2,-1.03,0.93,2.79
BICK,2.01250,44.48952027,-123.2807105,51.96872133,0.0000,0.0190,0.0099,0.0144,0.0089,2,-1.15,0.74,0.87
BICK,2.01250,44.48952022,-123.2807105,51.98780533,-0.0010,0.0210,0.0096,0.0054,0.0067,2,-1.70,0.97,2.78
BICK,2.01250,44.48952031,-123.2807103,51.96541881,0.0000,0.0210,0.0088,0.0053,0.0062,2,-0.71,2.59,0.54
BICK,2.01250,44.48952019,-123.2807104,51.9894258,0.0000,0.0200,0.0095,0.0138,0.0086,2,-2.03,1.90,2.94
GLAS,2.01250,44.51934225,-122.9960551,69.4420693,0.0000,0.0270,0.0047,0.0096,0.0049,2,-0.21,0.94,-0.09
GLAS,2.01250,44.5193422,-122.9960556,69.45239791,-0.0010,0.0250,0.0060,0.0074,0.0065,2,-0.71,-2.93,0.94
GLAS,2.01250,44.51934257,-122.9960548,69.37882997,-0.0020,0.0290,0.0085,0.0088,0.0060,2,3.36,3.33,-6.42
GLAS,2.01250,44.51934232,-122.9960554,69.43682902,0.0000,0.0220,0.0081,0.0087,0.0075,2,0.61,-1.80,-0.62
GLAS,2.01250,44.51934246,-122.9960551,69.36977244,0.0000,0.0210,0.0084,0.0087,0.0065,2,2.16,0.64,-7.32
GLAS,2.01250,44.51934248,-122.9960546,69.40277388,0.0000,0.0320,0.0129,0.0088,0.0065,2,2.36,5.12,-4.02
GLAS,2.01250,44.5193421,-122.9960562,69.50167267,0.0010,0.0250,0.0127,0.0055,0.0074,2,-1.84,-7.51,5.87
GLAS,2.01250,44.51934259,-122.9960549,69.45383326,-0.0010,0.0300,0.0191,0.0067,0.0082,2,3.67,2.33,1.08
GLAS,2.01250,44.51934212,-122.996056,69.46821751,0.0010,0.0260,0.0148,0.0057,0.0077,2,-1.63,-6.51,2.52
GLAS,2.01250,44.51934227,-122.9960553,69.47979111,-0.0010,0.0210,0.0067,0.0050,0.0054,2,0.06,-0.77,3.68
GLAS,2.01250,44.51934244,-122.9960552,69.48832054,-0.0010,0.0230,0.0096,0.0062,0.0058,2,1.93,0.38,4.53
GLAS,2.01250,44.51934242,-122.9960553,69.46134534,-0.0010,0.0220,0.0063,0.0058,0.0049,2,1.71,-0.35,1.83
GLAS,2.01250,44.5193423,-122.9960551,69.47217884,-0.0010,0.0220,0.0077,0.0060,0.0051,2,0.35,1.31,2.92
GLAS,2.01250,44.51934228,-122.9960553,69.48171472,-0.0010,0.0240,0.0124,0.0056,0.0057,2,0.21,-0.28,3.87
GLAS,2.01250,44.51934221,-122.9960553,69.47057048,-0.0020,0.0240,0.0070,0.0063,0.0062,2,-0.56,-0.73,2.76
GLAS,2.01250,44.5193423,-122.9960549,69.44581805,-0.0010,0.0250,0.0103,0.0048,0.0059,2,0.44,2.49,0.28
LBCC,2.01250,44.58498575,-123.1181765,46.97195491,0.0020,0.0450,0.0049,0.0098,0.0052,2,0.48,-1.21,2.20
LBCC,2.01250,44.58498556,-123.1181765,46.98573682,0.0010,0.0320,0.0061,0.0083,0.0071,2,-1.64,-1.33,3.57
LBCC,2.01250,44.58498573,-123.1181764,46.92865625,-0.0010,0.0440,0.0092,0.0092,0.0080,2,0.28,-0.33,-2.13
LBCC,2.01250,44.58498571,-123.1181763,46.9738937,0.0000,0.0350,0.0068,0.0084,0.0075,2,0.05,0.06,2.39
LBCC,2.01250,44.58498543,-123.1181767,46.99795251,-0.0010,0.0350,0.0091,0.0091,0.0071,2,-3.04,-3.24,4.80
LBCC,2.01250,44.58498556,-123.1181768,46.95437868,0.0020,0.0350,0.0098,0.0098,0.0073,2,-1.58,-3.79,0.44
LBCC,2.01250,44.58498573,-123.1181767,46.9668405,0.0000,0.0320,0.0146,0.0084,0.0069,2,0.27,-2.51,1.68
LBCC,2.01250,44.58498555,-123.1181768,46.94284724,0.0010,0.0250,0.0089,0.0092,0.0069,2,-1.74,-3.74,-0.72
LBCC,2.01250,44.5849857,-123.1181763,46.96013721,-0.0010,0.0340,0.0133,0.0092,0.0067,2,-0.06,0.39,1.01
LBCC,2.01250,44.58498579,-123.1181765,46.96956187,0.0000,0.0280,0.0178,0.0061,0.0077,2,0.98,-1.67,1.96
LBCC,2.01250,44.58498571,-123.1181765,46.98451036,0.0000,0.0360,0.0150,0.0081,0.0070,2,0.03,-1.60,3.45
LBCC,2.01250,44.58498579,-123.1181768,47.02760122,-0.0010,0.0250,0.0156,0.0057,0.0079,2,1.02,-3.57,7.76
LBCC,2.01250,44.58498573,-123.1181774,47.01694777,0.0010,0.0330,0.0159,0.0057,0.0080,2,0.34,-8.08,6.69
LBCC,2.01250,44.58498579,-123.1181764,46.9763763,0.0000,0.0320,0.0065,0.0054,0.0057,2,0.91,-0.23,2.64
LBCC,2.01250,44.5849857,-123.1181769,46.99087158,0.0000,0.0210,0.0149,0.0057,0.0080,2,-0.05,-4.81,4.09
LBCC,2.01250,44.58498569,-123.1181761,46.94398003,-0.0010,0.0350,0.0069,0.0052,0.0057,2,-0.19,1.82,-0.60
LBCC,2.01250,44.58498564,-123.1181762,46.95332302,0.0010,0.0250,0.0066,0.0061,0.0053,2,-0.69,1.09,0.33
LBCC,2.01250,44.58498561,-123.118176,46.96693235,0.0000,0.0260,0.0064,0.0054,0.0056,2,-1.03,2.65,1.69
LBCC,2.01250,44.58498577,-123.1181762,46.96873906,0.0000,0.0220,0.0080,0.0063,0.0054,2,0.78,1.23,1.87
LBCC,2.01250,44.58498576,-123.1181762,46.96064813,0.0000,0.0240,0.0079,0.0064,0.0055,2,0.58,0.87,1.06
LBCC,2.01250,44.58498575,-123.118176,46.9572679,0.0000,0.0230,0.0124,0.0055,0.0062,2,0.55,2.61,0.73
LBCC,2.01250,44.58498565,-123.1181765,46.96822122,0.0010,0.0230,0.0084,0.0064,0.0056,2,-0.60,-1.48,1.82
LBCC,2.01250,44.58498575,-123.1181763,46.94884005,0.0000,0.0290,0.0126,0.0059,0.0062,2,0.50,0.46,-0.12
LBCC,2.01250,44.58498574,-123.1181761,46.95105309,0.0000,0.0350,0.0105,0.0051,0.0066,2,0.42,1.71,0.11
LBCC,2.00833,44.5849858,-123.1181756,46.9392369,0.0000,0.0290,0.0125,0.0055,0.0061,2,1.05,5.56,-1.08
LBCC,2.01250,44.58498566,-123.118176,46.98054065,0.0000,0.0260,0.0091,0.0056,0.0067,2,-0.48,2.70,3.05
LBCC,2.01250,44.58498565,-123.1181761,46.98985159,0.0000,0.0300,0.0092,0.0056,0.0067,2,-0.63,1.84,3.99
LBCC,2.01250,44.58498558,-123.1181761,46.98172766,0.0000,0.0230,0.0098,0.0145,0.0093,2,-1.40,1.77,3.17
U727,1.89583,44.59391663,-123.5471753,204.432403,0.0000,0.0220,0.0055,0.0123,0.0065,2,-1.41,5.07,3.44
U727,2.01250,44.59391675,-123.5471759,204.4419489,0.0000,0.0200,0.0057,0.0066,0.0057,2,-0.13,0.26,4.39
U727,1.89583,44.59391663,-123.5471753,204.432403,0.0000,0.0220,0.0055,0.0123,0.0065,2,-1.41,5.07,3.44
U727,2.01250,44.59391681,-123.547176,204.410447,0.0000,0.0250,0.0071,0.0085,0.0076,2,0.59,-0.52,1.24
U727,2.01250,44.5939169,-123.5471756,204.3792341,0.0010,0.0240,0.0153,0.0097,0.0079,2,1.56,2.63,-1.88
U727,2.01250,44.59391691,-123.5471758,204.3828783,-0.0010,0.0390,0.0087,0.0091,0.0073,2,1.65,1.25,-1.51
U727,2.01250,44.59391698,-123.5471759,204.3918779,0.0000,0.0210,0.0077,0.0090,0.0079,2,2.48,0.13,-0.61
U727,2.01250,44.5939165,-123.5471765,204.458353,-0.0010,0.0370,0.0176,0.0077,0.0082,2,-2.90,-4.11,6.04
U727,2.01250,44.59391676,-123.5471758,204.3908806,0.0000,0.0310,0.0082,0.0063,0.0077,2,-0.04,0.90,-0.71
U727,2.01250,44.59391689,-123.5471759,204.3781064,-0.0020,0.0270,0.0173,0.0061,0.0086,2,1.39,0.40,-1.99
U727,2.01250,44.59391673,-123.5471763,204.4048783,-0.0010,0.0260,0.0180,0.0071,0.0083,2,-0.30,-3.15,0.69
U727,2.01250,44.59391684,-123.547176,204.3988934,0.0000,0.0220,0.0076,0.0062,0.0071,2,0.87,-0.68,0.09
U727,2.01250,44.59391676,-123.5471758,204.3905364,-0.0010,0.0250,0.0124,0.0056,0.0065,2,-0.05,1.17,-0.75
U727,2.01250,44.59391677,-123.5471757,204.3942614,0.0010,0.0230,0.0074,0.0073,0.0058,2,0.13,2.24,-0.37
U727,2.01250,44.59391684,-123.5471759,204.3778341,0.0000,0.0250,0.0069,0.0064,0.0064,2,0.84,0.36,-2.02
U727,2.01250,44.59391677,-123.5471757,204.3823753,-0.0010,0.0220,0.0114,0.0053,0.0064,2,0.15,1.88,-1.56
U727,2.01250,44.59391676,-123.547176,204.4059937,0.0000,0.0220,0.0105,0.0153,0.0098,2,0.04,-0.13,0.80
U727,2.01250,44.5939167,-123.5471757,204.3936351,-0.0010,0.0200,0.0100,0.0065,0.0078,2,-0.65,1.77,-0.44
Y683,1.89583,44.68914746,-123.2189183,71.74162928,-0.0030,0.0630,0.0048,0.0105,0.0055,2,-1.33,2.98,11.56
Y683,2.01250,44.68914763,-123.2189187,71.67948585,0.0000,0.0180,0.0056,0.0067,0.0055,2,0.47,0.45,5.35
Y683,1.89583,44.68914746,-123.2189183,71.74162928,-0.0030,0.0630,0.0048,0.0105,0.0055,2,-1.33,2.98,11.56
Y683,2.01250,44.68914769,-123.2189187,71.6137676,-0.0010,0.0200,0.0072,0.0083,0.0074,2,1.21,-0.08,-1.22
Y683,2.01250,44.68914779,-123.2189187,71.60439057,0.0000,0.0220,0.0081,0.0087,0.0058,2,2.32,0.29,-2.16
Y683,2.01250,44.68914747,-123.2189189,71.65679572,0.0010,0.0210,0.0079,0.0086,0.0074,2,-1.28,-1.18,3.08
Y683,2.01250,44.68914738,-123.2189185,71.66494129,0.0010,0.0220,0.0104,0.0102,0.0060,2,-2.22,1.78,3.89
Y683,2.01250,44.68914761,-123.2189186,71.61830736,0.0000,0.0200,0.0081,0.0086,0.0061,2,0.24,1.00,-0.77
Y683,2.01250,44.68914784,-123.2189187,71.61812778,0.0000,0.0200,0.0077,0.0086,0.0075,2,2.79,-0.04,-0.79
Y683,2.01250,44.68914769,-123.2189186,71.63421034,-0.0010,0.0210,0.0158,0.0065,0.0069,2,1.20,1.17,0.82
Y683,2.01250,44.68914767,-123.2189191,71.64585655,0.0000,0.0220,0.0132,0.0057,0.0077,2,0.93,-2.89,1.99
Y683,2.01250,44.68914793,-123.2189178,71.58631682,-0.0010,0.0270,0.0170,0.0059,0.0073,2,3.89,7.34,-3.97
Y683,2.01250,44.68914762,-123.2189189,71.66039301,0.0000,0.0210,0.0089,0.0053,0.0063,2,0.39,-1.56,3.44
Y683,2.01250,44.68914763,-123.2189189,71.63269875,0.0010,0.0200,0.0147,0.0057,0.0080,2,0.49,-1.56,0.67
Y683,2.01250,44.68914779,-123.2189185,71.60142835,-0.0010,0.0220,0.0167,0.0061,0.0072,2,2.33,2.01,-2.46
Y683,2.01250,44.68914767,-123.2189185,71.63285314,0.0000,0.0210,0.0060,0.0055,0.0048,2,0.95,1.33,0.69
Y683,2.01250,44.68914768,-123.2189186,71.63599194,0.0000,0.0210,0.0096,0.0062,0.0057,2,1.02,0.96,1.00
Y683,2.01250,44.68914776,-123.2189188,71.62211702,0.0000,0.0210,0.0063,0.0059,0.0049,2,1.97,-0.95,-0.39
Y683,2.01250,44.68914774,-123.2189185,71.65085438,0.0000,0.0200,0.0076,0.0060,0.0051,2,1.72,1.46,2.49
Y683,2.01250,44.68914766,-123.2189184,71.6400029,-0.0010,0.0220,0.0122,0.0063,0.0060,2,0.86,2.23,1.40
Y683,2.01250,44.68914766,-123.2189184,71.65469464,0.0010,0.0190,0.0087,0.0061,0.0055,2,0.82,2.38,2.87
Y683,2.01250,44.68914766,-123.2189185,71.6255055,0.0010,0.0210,0.0062,0.0057,0.0048,2,0.81,1.50,-0.05
Y683,2.01250,44.68914763,-123.2189183,71.58958948,0.0000,0.0200,0.0113,0.0050,0.0062,2,0.48,3.49,-3.64
Y683,2.01250,44.68914758,-123.2189188,71.65022718,0.0010,0.0220,0.0071,0.0061,0.0062,2,-0.08,-0.91,2.42
Y683,2.01250,44.68914762,-123.2189186,71.61929169,-0.0020,0.0290,0.0105,0.0049,0.0063,2,0.35,0.46,-0.67
Y683,2.01250,44.68914758,-123.2189185,71.62310952,0.0000,0.0210,0.0087,0.0053,0.0063,2,-0.08,1.77,-0.29
Y683,2.01250,44.68914759,-123.2189185,71.6380643,0.0000,0.0200,0.0067,0.0089,0.0070,2,0.07,1.34,1.21
Y683,2.01250,44.68914757,-123.2189186,71.64377279,-0.0010,0.0230,0.0077,0.0058,0.0062,2,-0.20,0.86,1.78
B726,2.89583,44.64840746,-123.062661,41.98301009,0.0050,0.0770,0.0035,0.0068,0.0043,3,0.81,0.89,-7.10
B726,2.99583,44.64840739,-123.062661,42.04516446,0.0000,0.0270,0.0033,0.0056,0.0044,3,0.04,0.98,-0.88
B726,2.99583,44.64840606,-123.0626633,42.28179125,-0.0010,0.0420,0.0039,0.0059,0.0049,3,-14.79,-17.44,22.78
B726,2.91250,44.64840742,-123.0626612,42.03402878,-0.0010,0.0250,0.0033,0.0058,0.0044,3,0.35,-0.76,-2.00
B726,2.99583,44.64840724,-123.0626617,42.16410316,-0.0040,0.0510,0.0061,0.0061,0.0048,3,-1.65,-4.70,11.01
B726,2.99583,44.64840756,-123.0626608,42.0487361,-0.0010,0.0290,0.0090,0.0042,0.0052,3,1.89,2.72,-0.53
B726,2.99583,44.64840747,-123.0626609,42.05728251,0.0000,0.0330,0.0088,0.0046,0.0061,3,0.88,1.92,0.33
B726,2.99583,44.64840749,-123.0626607,42.05090519,0.0010,0.0360,0.0099,0.0047,0.0053,3,1.17,3.01,-0.31
B726,2.99583,44.6484075,-123.0626609,42.04235513,0.0000,0.0310,0.0048,0.0035,0.0041,3,1.26,2.00,-1.16
B726,2.99583,44.64840742,-123.062661,42.03120377,0.0000,0.0230,0.0071,0.0037,0.0042,3,0.40,1.22,-2.28
B726,2.99583,44.64840745,-123.0626609,42.03073074,0.0010,0.0360,0.0074,0.0039,0.0047,3,0.65,1.52,-2.33
B726,2.99583,44.64840747,-123.0626606,42.07569408,-0.0010,0.0350,0.0073,0.0041,0.0042,3,0.90,4.08,2.17
BICK,2.99583,44.48952027,-123.2807107,51.97020732,-0.0010,0.0200,0.0035,0.0056,0.0041,3,-1.18,-0.51,1.02
BICK,2.99583,44.48952037,-123.2807107,51.98558332,0.0000,0.0210,0.0050,0.0051,0.0043,3,-0.06,-0.80,2.56
BICK,2.99583,44.48952029,-123.2807106,51.98328079,0.0000,0.0190,0.0044,0.0050,0.0044,3,-0.95,0.35,2.33
BICK,2.99583,44.4895203,-123.2807107,51.96540205,0.0000,0.0210,0.0060,0.0062,0.0046,3,-0.91,-1.01,0.54
BICK,2.89583,44.48952026,-123.2807108,51.98499668,0.0000,0.0210,0.0051,0.0053,0.0045,3,-1.33,-1.26,2.50
BICK,2.99583,44.48952037,-123.2807105,51.97325982,0.0010,0.0240,0.0066,0.0056,0.0043,3,-0.09,0.90,1.33
BICK,2.99583,44.48952048,-123.2807103,51.94670106,0.0000,0.0200,0.0065,0.0056,0.0043,3,1.09,2.44,-1.33
BICK,2.99583,44.48952041,-123.2807104,51.94914268,0.0000,0.0210,0.0107,0.0046,0.0050,3,0.40,1.95,-1.09
BICK,2.99583,44.48952039,-123.2807106,51.9580198,0.0000,0.0220,0.0052,0.0033,0.0040,3,0.18,0.08,-0.20
BICK,2.99583,44.48952046,-123.2807106,51.98273192,-0.0020,0.0240,0.0079,0.0039,0.0050,3,0.87,0.35,2.27
BICK,2.99583,44.48952037,-123.2807106,51.98703169,0.0000,0.0200,0.0063,0.0036,0.0046,3,-0.04,0.46,2.70
BICK,2.99583,44.48952033,-123.2807105,51.98173759,0.0000,0.0220,0.0043,0.0033,0.0036,3,-0.49,0.77,2.17
BICK,2.99583,44.48952032,-123.2807106,51.98128906,0.0010,0.0190,0.0057,0.0035,0.0043,3,-0.59,-0.10,2.13
BICK,2.99583,44.48952036,-123.2807105,51.97781977,0.0000,0.0200,0.0043,0.0038,0.0036,3,-0.25,0.93,1.78
BICK,2.99583,44.48952042,-123.2807107,51.95876474,0.0010,0.0200,0.0069,0.0037,0.0049,3,0.52,-0.72,-0.12
BICK,2.99583,44.48952041,-123.2807108,51.97356881,0.0000,0.0220,0.0064,0.0036,0.0047,3,0.37,-1.18,1.36
BICK,2.99583,44.4895204,-123.2807106,51.97587832,0.0000,0.0220,0.0043,0.0037,0.0035,3,0.25,0.53,1.59
BICK,2.99583,44.48952037,-123.2807105,51.96848086,0.0000,0.0200,0.0060,0.0040,0.0039,3,-0.04,1.18,0.85
BICK,2.99583,44.48952034,-123.2807105,51.97706214,0.0000,0.0210,0.0056,0.0036,0.0043,3,-0.40,0.69,1.71
BICK,2.99583,44.48952039,-123.2807106,51.97153369,0.0000,0.0220,0.0070,0.0035,0.0041,3,0.09,0.21,1.15
BICK,2.99583,44.48952037,-123.2807104,51.96804745,0.0000,0.0210,0.0065,0.0035,0.0043,3,-0.13,1.56,0.80
BICK,2.99167,44.48952033,-123.2807106,51.98127227,0.0000,0.0200,0.0047,0.0040,0.0042,3,-0.49,0.43,2.13
BICK,2.99583,44.4895203,-123.2807106,51.98227382,0.0000,0.0210,0.0061,0.0036,0.0043,3,-0.81,0.54,2.23
BICK,2.99583,44.48952026,-123.2807104,51.97538633,0.0000,0.0190,0.0044,0.0048,0.0042,3,-1.33,1.69,1.54
BICK,2.99583,44.48952027,-123.2807105,51.98332786,0.0000,0.0220,0.0069,0.0035,0.0044,3,-1.18,0.76,2.33
BICK,2.99583,44.48952035,-123.2807104,51.96127779,0.0010,0.0200,0.0066,0.0035,0.0044,3,-0.30,2.09,0.13
BICK,2.99583,44.48952023,-123.2807104,51.98913055,0.0000,0.0200,0.0044,0.0046,0.0041,3,-1.64,1.90,2.91
GLAS,2.99583,44.51934221,-122.9960554,69.46209252,-0.0020,0.0250,0.0031,0.0055,0.0040,3,-0.64,-1.24,1.91
GLAS,2.99583,44.5193424,-122.9960554,69.43174821,0.0000,0.0340,0.0052,0.0052,0.0045,3,1.49,-1.03,-1.13
GLAS,2.99583,44.51934246,-122.9960549,69.38988614,0.0010,0.0250,0.0070,0.0058,0.0046,3,2.14,2.40,-5.31
GLAS,2.99583,44.51934236,-122.9960552,69.42751347,-0.0010,0.0270,0.0102,0.0047,0.0051,3,1.11,0.11,-1.55
GLAS,2.99583,44.51934228,-122.9960555,69.47375666,0.0000,0.0250,0.0052,0.0034,0.0041,3,0.22,-2.20,3.08
GLAS,2.99583,44.51934236,-122.9960556,69.49504975,0.0000,0.0280,0.0084,0.0043,0.0054,3,1.00,-3.14,5.20
GLAS,2.99583,44.51934224,-122.9960551,69.47289497,0.0000,0.0220,0.0041,0.0036,0.0035,3,-0.31,1.10,2.99
GLAS,2.99583,44.51934234,-122.9960549,69.47236158,-0.0010,0.0230,0.0060,0.0040,0.0039,3,0.88,2.45,2.94
GLAS,2.99583,44.51934225,-122.9960552,69.46473044,-0.0010,0.0230,0.0057,0.0039,0.0045,3,-0.18,-0.19,2.17
GLAS,2.99583,44.51934229,-122.9960553,69.47173929,0.0000,0.0250,0.0069,0.0035,0.0041,3,0.26,-0.37,2.87
LBCC,2.99583,44.5849856,-123.1181764,46.98286015,0.0010,0.0300,0.0032,0.0058,0.0043,3,-1.12,-0.78,3.29
LBCC,2.99583,44.5849857,-123.1181764,46.96561212,-0.0020,0.0460,0.0041,0.0059,0.0049,3,-0.03,-0.44,1.56
LBCC,2.91250,44.58498572,-123.1181763,46.96582175,0.0000,0.0310,0.0035,0.0058,0.0044,3,0.20,0.57,1.58
LBCC,2.99583,44.58498562,-123.1181765,46.96438214,-0.0020,0.0440,0.0048,0.0056,0.0049,3,-0.92,-1.67,1.44
LBCC,2.99583,44.58498568,-123.1181766,46.96021298,0.0010,0.0380,0.0074,0.0064,0.0049,3,-0.22,-2.41,1.02
LBCC,2.99583,44.58498567,-123.1181768,46.94614856,0.0010,0.0240,0.0074,0.0065,0.0049,3,-0.32,-3.33,-0.39
LBCC,2.99583,44.58498581,-123.1181763,46.95393203,-0.0010,0.0370,0.0098,0.0047,0.0050,3,1.13,0.44,0.39
LBCC,2.99583,44.58498577,-123.1181763,46.96561561,0.0000,0.0280,0.0080,0.0041,0.0054,3,0.72,-0.09,1.56
LBCC,2.99583,44.58498574,-123.1181765,46.99039583,0.0000,0.0320,0.0099,0.0045,0.0052,3,0.39,-1.09,4.04
LBCC,2.99583,44.58498578,-123.1181764,46.98160287,0.0000,0.0240,0.0065,0.0038,0.0050,3,0.86,-0.15,3.16
LBCC,2.99583,44.58498579,-123.1181767,46.96726463,0.0010,0.0290,0.0066,0.0038,0.0050,3,1.00,-2.50,1.73
LBCC,2.99583,44.58498576,-123.1181763,46.97022293,0.0000,0.0310,0.0046,0.0039,0.0038,3,0.59,0.33,2.02
LBCC,2.99583,44.58498564,-123.1181762,46.96709411,0.0000,0.0230,0.0045,0.0038,0.0038,3,-0.66,0.90,1.71
LBCC,2.99583,44.58498574,-123.1181763,46.95989413,0.0000,0.0270,0.0062,0.0043,0.0043,3,0.45,0.07,0.99
LBCC,2.99583,44.58498577,-123.1181761,46.94374435,0.0000,0.0320,0.0072,0.0038,0.0047,3,0.73,1.72,-0.63
LBCC,2.99167,44.58498573,-123.1181759,46.95928501,0.0010,0.0290,0.0071,0.0044,0.0042,3,0.34,3.35,0.93
LBCC,2.99583,44.58498575,-123.1181759,46.95190966,0.0000,0.0250,0.0068,0.0038,0.0049,3,0.50,3.29,0.19
LBCC,2.99583,44.58498572,-123.118176,46.96601724,0.0000,0.0290,0.0069,0.0039,0.0049,3,0.18,2.49,1.60
LBCC,2.99583,44.5849856,-123.118176,46.99167084,-0.0010,0.0220,0.0046,0.0049,0.0045,3,-1.10,2.59,4.17
U727,2.89583,44.59391682,-123.5471758,204.4113858,0.0000,0.0220,0.0034,0.0061,0.0041,3,0.69,1.45,1.34
U727,2.99583,44.59391676,-123.547176,204.4197052,0.0000,0.0250,0.0034,0.0057,0.0047,3,-0.03,-0.39,2.17
U727,2.99583,44.5939169,-123.5471758,204.3796119,0.0010,0.0240,0.0075,0.0069,0.0051,3,1.59,0.80,-1.84
U727,2.99583,44.593917,-123.5471757,204.3626249,-0.0010,0.0240,0.0061,0.0060,0.0049,3,2.69,1.53,-3.54
U727,2.99583,44.59391665,-123.5471763,204.4245872,-0.0010,0.0330,0.0097,0.0047,0.0058,3,-1.21,-2.69,2.66
U727,2.99583,44.5939168,-123.5471759,204.4093484,0.0000,0.0280,0.0053,0.0043,0.0048,3,0.43,0.50,1.13
U727,2.99583,44.59391682,-123.5471761,204.4058116,-0.0010,0.0250,0.0079,0.0041,0.0057,3,0.61,-1.08,0.78
U727,2.99583,44.59391683,-123.547176,204.3865463,0.0000,0.0240,0.0055,0.0036,0.0046,3,0.74,-0.58,-1.15
U727,2.99583,44.59391679,-123.5471759,204.4026212,0.0000,0.0220,0.0072,0.0041,0.0045,3,0.28,0.01,0.46
U727,2.99583,44.59391674,-123.5471759,204.4106702,-0.0010,0.0250,0.0047,0.0054,0.0051,3,-0.28,0.14,1.27
U727,2.99583,44.59391672,-123.5471758,204.4043104,0.0000,0.0220,0.0071,0.0038,0.0048,3,-0.45,0.82,0.63
Y683,2.89583,44.68914763,-123.2189186,71.67856555,-0.0040,0.0540,0.0031,0.0056,0.0038,3,0.55,1.09,5.26
Y683,2.99583,44.68914764,-123.2189187,71.63683697,-0.0010,0.0210,0.0034,0.0055,0.0044,3,0.66,-0.33,1.08
Y683,2.99583,44.68914768,-123.2189188,71.63525199,0.0000,0.0220,0.0050,0.0052,0.0044,3,1.08,-1.05,0.93
Y683,2.99583,44.68914752,-123.2189187,71.63644657,0.0000,0.0220,0.0060,0.0062,0.0046,3,-0.67,0.06,1.04
Y683,2.89583,44.68914762,-123.2189188,71.62767779,0.0010,0.0210,0.0052,0.0054,0.0046,3,0.35,-0.59,0.17
Y683,2.99583,44.68914786,-123.2189186,71.59874933,0.0000,0.0200,0.0054,0.0054,0.0044,3,3.03,1.19,-2.73
Y683,2.99583,44.68914767,-123.2189188,71.63984209,-0.0010,0.0210,0.0090,0.0042,0.0053,3,0.92,-0.75,1.38
Y683,2.99583,44.68914763,-123.2189188,71.63054959,0.0000,0.0220,0.0053,0.0034,0.0042,3,0.53,-0.95,0.45
Y683,2.99583,44.68914771,-123.2189187,71.64094018,-0.0010,0.0250,0.0082,0.0040,0.0053,3,1.39,-0.26,1.49
Y683,2.99583,44.68914766,-123.2189188,71.65438997,0.0000,0.0220,0.0044,0.0034,0.0037,3,0.79,-0.72,2.84
Y683,2.99583,44.68914761,-123.2189188,71.64396219,0.0010,0.0200,0.0058,0.0036,0.0045,3,0.33,-0.65,1.80
Y683,2.99583,44.68914767,-123.2189187,71.62128294,0.0010,0.0220,0.0046,0.0033,0.0038,3,0.98,-0.02,-0.47
Y683,2.99583,44.68914763,-123.2189186,71.6179318,-0.0010,0.0200,0.0069,0.0036,0.0042,3,0.51,0.77,-0.81
Y683,2.99583,44.68914758,-123.2189187,71.63778157,0.0010,0.0210,0.0058,0.0038,0.0045,3,-0.09,-0.01,1.18
Y683,2.99583,44.68914765,-123.2189187,71.62568726,-0.0010,0.0270,0.0071,0.0036,0.0043,3,0.73,-0.02,-0.03
Y683,2.99583,44.68914761,-123.2189185,71.61675702,0.0000,0.0220,0.0066,0.0036,0.0045,3,0.31,1.93,-0.92
Y683,2.99583,44.68914764,-123.2189187,71.63101293,0.0000,0.0210,0.0047,0.0041,0.0044,3,0.63,0.34,0.50
Y683,2.99583,44.68914759,-123.2189186,71.63609019,-0.0010,0.0220,0.0062,0.0037,0.0046,3,0.07,0.60,1.01
B726,3.91250,44.64840744,-123.0626612,42.03397261,0.0000,0.0270,0.0029,0.0044,0.0035,4,0.55,-0.94,-2.00
B726,3.89583,44.64840755,-123.0626611,41.98573789,0.0040,0.0690,0.0027,0.0052,0.0039,4,1.79,-0.05,-6.83
B726,3.99583,44.64840741,-123.0626611,42.03226821,0.0000,0.0260,0.0050,0.0041,0.0038,4,0.24,0.51,-2.17
B726,3.99583,44.64840674,-123.0626626,42.18741164,0.0000,0.0420,0.0059,0.0046,0.0043,4,-7.24,-11.40,13.34
B726,3.99583,44.64840745,-123.0626611,42.0293199,0.0000,0.0330,0.0046,0.0043,0.0039,4,0.67,-0.01,-2.47
B726,3.99583,44.64840751,-123.0626608,42.09642282,-0.0030,0.0520,0.0044,0.0030,0.0037,4,1.38,2.92,4.24
B726,3.99583,44.64840745,-123.062661,42.04242136,0.0000,0.0230,0.0042,0.0030,0.0032,4,0.69,0.94,-1.16
B726,3.99583,44.64840746,-123.0626611,42.04997734,0.0010,0.0320,0.0045,0.0035,0.0037,4,0.83,0.32,-0.40
B726,3.99583,44.64840746,-123.0626608,42.08216594,-0.0010,0.0330,0.0043,0.0031,0.0033,4,0.81,2.83,2.82
BICK,4.07917,44.48952031,-123.2807107,51.96679434,0.0000,0.0200,0.0029,0.0043,0.0035,4,-0.80,-0.56,0.68
BICK,3.99583,44.4895203,-123.2807105,51.97449099,0.0000,0.0200,0.0038,0.0039,0.0034,4,-0.86,0.57,1.45
BICK,3.89583,44.48952027,-123.2807107,51.99247565,0.0010,0.0210,0.0045,0.0041,0.0036,4,-1.22,-0.68,3.25
BICK,3.99583,44.48952034,-123.2807106,51.97020652,0.0000,0.0200,0.0049,0.0044,0.0037,4,-0.44,-0.03,1.02
BICK,3.99583,44.48952054,-123.2807102,51.93568673,-0.0010,0.0240,0.0059,0.0036,0.0036,4,1.83,2.96,-2.43
BICK,3.99583,44.48952025,-123.2807107,52.01425606,0.0000,0.0230,0.0052,0.0041,0.0037,4,-1.37,-0.35,5.43
BICK,3.99583,44.48952034,-123.2807105,51.96557595,0.0000,0.0200,0.0056,0.0038,0.0036,4,-0.40,1.22,0.56
BICK,3.99583,44.48952031,-123.2807106,51.97515183,0.0000,0.0210,0.0057,0.0034,0.0038,4,-0.73,0.11,1.52
BICK,3.99583,44.48952037,-123.2807105,51.9701132,0.0010,0.0200,0.0058,0.0036,0.0036,4,-0.05,0.61,1.01
BICK,3.99583,44.48952037,-123.2807106,51.97099201,0.0000,0.0230,0.0049,0.0030,0.0036,4,-0.08,0.32,1.10
BICK,3.99583,44.48952045,-123.2807106,51.94681261,0.0000,0.0190,0.0055,0.0039,0.0036,4,0.79,0.29,-1.32
BICK,3.99583,44.48952043,-123.2807107,51.96781322,0.0000,0.0220,0.0061,0.0039,0.0036,4,0.58,-0.92,0.78
BICK,3.99583,44.48952042,-123.2807106,51.96721686,0.0000,0.0220,0.0050,0.0030,0.0036,4,0.42,0.06,0.72
BICK,3.99583,44.48952036,-123.2807106,51.96945658,0.0000,0.0200,0.0038,0.0029,0.0031,4,-0.18,0.38,0.95
BICK,3.99583,44.48952036,-123.2807106,51.97682572,0.0000,0.0210,0.0046,0.0029,0.0034,4,-0.16,0.27,1.68
BICK,3.99583,44.4895204,-123.2807106,51.96736301,0.0000,0.0220,0.0043,0.0030,0.0032,4,0.28,0.55,0.74
BICK,3.99583,44.48952039,-123.2807104,51.97569275,0.0000,0.0200,0.0046,0.0030,0.0034,4,0.17,1.47,1.57
BICK,3.99167,44.48952034,-123.2807105,51.98413231,0.0000,0.0210,0.0042,0.0030,0.0034,4,-0.40,0.61,2.41
BICK,3.99583,44.48952033,-123.2807106,51.98236479,0.0000,0.0210,0.0046,0.0029,0.0034,4,-0.57,0.48,2.24
BICK,3.99583,44.48952027,-123.2807105,51.97154212,0.0000,0.0200,0.0038,0.0032,0.0034,4,-1.20,1.09,1.15
BICK,3.99583,44.48952029,-123.2807105,51.97980653,0.0000,0.0220,0.0046,0.0031,0.0035,4,-0.93,1.08,1.98
BICK,3.99583,44.48952037,-123.2807104,51.9637105,0.0010,0.0200,0.0046,0.0030,0.0034,4,-0.09,1.94,0.37
BICK,3.99583,44.48952027,-123.2807105,51.98004495,0.0000,0.0200,0.0038,0.0032,0.0034,4,-1.19,0.79,2.00
GLAS,4.07917,44.51934224,-122.9960554,69.45004516,-0.0010,0.0250,0.0026,0.0042,0.0034,4,-0.32,-1.32,0.70
GLAS,3.99583,44.51934237,-122.9960554,69.4167405,0.0000,0.0240,0.0027,0.0043,0.0034,4,1.11,-1.45,-2.63
GLAS,3.99583,44.51934228,-122.9960553,69.44099845,-0.0010,0.0290,0.0040,0.0040,0.0035,4,0.12,-0.40,-0.20
GLAS,3.99583,44.51934241,-122.9960551,69.42603367,-0.0010,0.0290,0.0064,0.0037,0.0039,4,1.62,1.02,-1.70
GLAS,3.99583,44.51934245,-122.996055,69.4197049,0.0000,0.0270,0.0056,0.0042,0.0039,4,2.03,1.52,-2.33
GLAS,3.99583,44.51934223,-122.9960554,69.45875174,0.0000,0.0250,0.0036,0.0027,0.0031,4,-0.39,-1.16,1.58
GLAS,3.99583,44.5193423,-122.9960552,69.47307541,-0.0010,0.0230,0.0038,0.0029,0.0031,4,0.44,0.45,3.01
GLAS,3.99583,44.51934231,-122.9960552,69.46895293,-0.0010,0.0230,0.0046,0.0030,0.0035,4,0.50,-0.20,2.60
GLAS,3.99583,44.51934233,-122.9960552,69.4666343,0.0000,0.0240,0.0043,0.0030,0.0032,4,0.74,0.54,2.36
LBCC,4.07917,44.58498562,-123.1181766,46.96581326,0.0010,0.0320,0.0027,0.0045,0.0036,4,-0.91,-1.85,1.58
LBCC,3.91250,44.58498571,-123.1181765,46.95062354,0.0000,0.0300,0.0030,0.0044,0.0036,4,0.11,-1.33,0.06
LBCC,3.99583,44.58498564,-123.1181765,46.97267299,-0.0010,0.0410,0.0043,0.0045,0.0038,4,-0.74,-1.56,2.27
LBCC,3.99583,44.58498574,-123.1181766,46.94432044,0.0010,0.0370,0.0029,0.0045,0.0036,4,0.42,-2.13,-0.57
LBCC,3.99583,44.58498558,-123.1181767,46.97478058,0.0000,0.0330,0.0043,0.0045,0.0038,4,-1.33,-2.49,2.48
LBCC,3.99583,44.58498573,-123.1181765,46.95576761,0.0000,0.0380,0.0059,0.0045,0.0040,4,0.33,-1.15,0.58
LBCC,3.99583,44.58498569,-123.1181765,46.95716661,0.0000,0.0350,0.0047,0.0045,0.0039,4,-0.18,-1.50,0.72
LBCC,3.99583,44.58498567,-123.1181765,46.98251972,-0.0010,0.0320,0.0062,0.0042,0.0040,4,-0.32,-1.65,3.25
LBCC,3.99583,44.58498566,-123.1181771,46.96889926,0.0010,0.0340,0.0071,0.0044,0.0040,4,-0.46,-5.92,1.89
LBCC,3.99583,44.5849858,-123.1181765,46.96612498,0.0000,0.0320,0.0052,0.0033,0.0039,4,1.11,-1.30,1.61
LBCC,3.99583,44.58498567,-123.1181765,46.96335807,0.0000,0.0230,0.0039,0.0028,0.0034,4,-0.33,-1.45,1.34
LBCC,3.99583,44.58498574,-123.1181762,46.95895572,0.0000,0.0330,0.0039,0.0031,0.0033,4,0.41,0.76,0.90
LBCC,3.99583,44.58498573,-123.1181762,46.95034134,0.0000,0.0310,0.0045,0.0033,0.0035,4,0.35,1.01,0.03
LBCC,3.99167,44.58498571,-123.1181759,46.96129729,0.0000,0.0280,0.0042,0.0032,0.0033,4,0.08,3.10,1.13
LBCC,3.99583,44.58498576,-123.118176,46.96362011,0.0010,0.0240,0.0048,0.0032,0.0038,4,0.60,2.61,1.36
LBCC,3.99583,44.58498573,-123.118176,46.96550696,0.0000,0.0270,0.0048,0.0033,0.0038,4,0.29,2.47,1.55
LBCC,3.99583,44.58498566,-123.1181762,46.97322422,0.0000,0.0230,0.0040,0.0034,0.0038,4,-0.49,1.15,2.32
U727,3.89583,44.59391689,-123.5471759,204.4027372,0.0000,0.0220,0.0026,0.0046,0.0037,4,1.45,0.32,0.47
U727,3.99583,44.59391679,-123.5471758,204.3970425,-0.0010,0.0320,0.0052,0.0046,0.0041,4,0.28,1.32,-0.10
U727,3.99583,44.59391681,-123.547176,204.3973898,0.0000,0.0290,0.0058,0.0037,0.0047,4,0.50,-0.24,-0.06
U727,3.99583,44.5939169,-123.5471758,204.3749796,-0.0020,0.0330,0.0061,0.0045,0.0042,4,1.52,1.40,-2.30
U727,3.99583,44.59391681,-123.5471761,204.3863998,0.0000,0.0250,0.0049,0.0032,0.0042,4,0.60,-0.93,-1.16
U727,3.99583,44.5939168,-123.5471759,204.3984509,0.0000,0.0220,0.0047,0.0034,0.0039,4,0.41,-0.05,0.05
U727,3.99583,44.59391674,-123.5471759,204.4059395,-0.0010,0.0240,0.0041,0.0036,0.0039,4,-0.20,0.14,0.79
U727,3.99583,44.59391675,-123.5471758,204.3952412,0.0000,0.0220,0.0048,0.0035,0.0039,4,-0.10,1.31,-0.28
Y683,3.89583,44.68914762,-123.2189188,71.63394416,0.0010,0.0210,0.0045,0.0042,0.0036,4,0.43,-0.44,0.79
Y683,3.89583,44.68914769,-123.2189187,71.6664773,-0.0030,0.0480,0.0025,0.0044,0.0034,4,1.20,0.43,4.05
Y683,3.99583,44.6891477,-123.2189186,71.62358382,0.0000,0.0200,0.0048,0.0041,0.0036,4,1.29,1.04,-0.24
Y683,3.99583,44.68914779,-123.2189185,71.594957,0.0000,0.0240,0.0060,0.0036,0.0037,4,2.28,1.53,-3.10
Y683,3.99583,44.68914762,-123.2189187,71.64088374,0.0000,0.0250,0.0052,0.0040,0.0037,4,0.45,0.11,1.49
Y683,3.99583,44.6891476,-123.2189188,71.63635581,0.0000,0.0220,0.0059,0.0035,0.0040,4,0.20,-0.33,1.04
Y683,3.99583,44.68914766,-123.2189187,71.62093716,0.0010,0.0200,0.0059,0.0037,0.0037,4,0.84,0.26,-0.51
Y683,3.99583,44.68914768,-123.2189187,71.6212031,0.0000,0.0220,0.0043,0.0028,0.0034,4,1.09,-0.03,-0.48
Y683,3.99583,44.68914765,-123.2189186,71.62826815,0.0000,0.0200,0.0041,0.0031,0.0032,4,0.71,0.74,0.23
Y683,3.99583,44.68914762,-123.2189187,71.63468019,0.0000,0.0220,0.0046,0.0029,0.0035,4,0.35,-0.13,0.87
Y683,3.99583,44.68914769,-123.2189186,71.62522961,0.0000,0.0250,0.0043,0.0031,0.0033,4,1.13,0.53,-0.08
Y683,3.99583,44.68914765,-123.2189185,71.62967108,0.0000,0.0210,0.0047,0.0030,0.0035,4,0.74,1.53,0.37
Y683,3.99583,44.68914765,-123.2189186,71.63440947,0.0000,0.0220,0.0042,0.0031,0.0036,4,0.68,0.48,0.84
Y683,3.99583,44.68914761,-123.2189186,71.64209401,0.0000,0.0210,0.0047,0.0030,0.0035,4,0.32,0.76,1.61
B726,4.99583,44.64840747,-123.0626608,42.0857552,-0.0020,0.0480,0.0038,0.0027,0.0031,5,0.90,2.56,3.18
B726,4.99583,44.64840748,-123.062661,42.05259044,0.0000,0.0240,0.0036,0.0024,0.0029,5,1.06,1.28,-0.14
B726,4.99583,44.64840747,-123.062661,42.05778803,0.0010,0.0310,0.0038,0.0028,0.0034,5,0.94,0.69,0.38
B726,4.99583,44.64840746,-123.0626609,42.07784994,0.0000,0.0350,0.0038,0.0025,0.0031,5,0.84,1.82,2.38
BICK,4.99583,44.48952036,-123.2807106,51.96743217,0.0000,0.0210,0.0034,0.0024,0.0029,5,-0.22,0.34,0.74
BICK,4.99583,44.48952036,-123.2807105,51.97147221,0.0000,0.0220,0.0034,0.0025,0.0028,5,-0.23,0.73,1.15
BICK,4.99583,44.4895204,-123.2807106,51.96980467,-0.0010,0.0230,0.0034,0.0024,0.0028,5,0.22,-0.09,0.98
BICK,4.99583,44.48952039,-123.2807105,51.98078982,0.0000,0.0210,0.0034,0.0025,0.0028,5,0.11,1.01,2.08
BICK,4.99167,44.48952034,-123.2807105,51.98555918,0.0000,0.0210,0.0034,0.0027,0.0029,5,-0.39,0.67,2.56
BICK,4.99583,44.48952032,-123.2807105,51.98350275,0.0000,0.0200,0.0034,0.0025,0.0028,5,-0.59,0.58,2.35
BICK,4.99583,44.4895203,-123.2807105,51.97304682,0.0000,0.0200,0.0034,0.0028,0.0029,5,-0.83,0.70,1.30
BICK,4.99583,44.4895203,-123.2807106,51.97630188,0.0000,0.0210,0.0035,0.0025,0.0029,5,-0.81,0.51,1.63
BICK,4.99583,44.48952037,-123.2807105,51.96635504,0.0010,0.0200,0.0034,0.0025,0.0028,5,-0.13,1.16,0.64
BICK,4.99583,44.48952031,-123.2807106,51.9779935,0.0000,0.0200,0.0034,0.0027,0.0029,5,-0.75,0.44,1.80
GLAS,4.99583,44.51934225,-122.9960554,69.45759955,0.0010,0.0250,0.0033,0.0024,0.0028,5,-0.15,-1.66,1.46
GLAS,4.99583,44.51934228,-122.9960553,69.46380278,-0.0010,0.0270,0.0034,0.0024,0.0029,5,0.19,-0.61,2.08
GLAS,4.99583,44.51934231,-122.9960553,69.47308242,-0.0010,0.0240,0.0034,0.0027,0.0029,5,0.45,-0.51,3.01
GLAS,4.99583,44.51934232,-122.9960553,69.46600065,0.0000,0.0260,0.0034,0.0024,0.0028,5,0.62,-0.37,2.30
LBCC,4.99583,44.58498569,-123.1181766,46.968707,0.0010,0.0250,0.0035,0.0026,0.0030,5,-0.17,-1.83,1.87
LBCC,4.99583,44.58498575,-123.1181764,46.95838129,-0.0010,0.0320,0.0036,0.0026,0.0031,5,0.51,-0.28,0.84
LBCC,4.99583,44.58498573,-123.1181762,46.95174374,0.0000,0.0290,0.0036,0.0026,0.0030,5,0.35,0.86,0.17
LBCC,4.99167,44.58498572,-123.1181762,46.95523666,0.0000,0.0320,0.0037,0.0025,0.0031,5,0.19,1.31,0.52
LBCC,4.99583,44.58498576,-123.1181761,46.96975899,0.0000,0.0240,0.0036,0.0027,0.0031,5,0.58,2.20,1.98
LBCC,4.99583,44.58498572,-123.1181762,46.96559508,0.0000,0.0290,0.0036,0.0027,0.0031,5,0.18,1.18,1.56
LBCC,4.99583,44.58498569,-123.1181762,46.97540465,0.0000,0.0280,0.0035,0.0030,0.0032,5,-0.13,1.06,2.54
U727,4.99583,44.59391683,-123.5471759,204.3837874,0.0000,0.0250,0.0040,0.0029,0.0034,5,0.80,0.13,-1.42
U727,4.99583,44.5939168,-123.547176,204.4019103,0.0000,0.0240,0.0042,0.0027,0.0035,5,0.43,-0.34,0.39
U727,4.99583,44.59391676,-123.5471759,204.4077883,-0.0010,0.0240,0.0036,0.0032,0.0035,5,0.04,0.11,0.98
U727,4.99583,44.59391675,-123.5471759,204.4025954,0.0000,0.0220,0.0039,0.0027,0.0033,5,-0.14,0.39,0.46
Y683,4.99583,44.6891477,-123.2189187,71.62097483,0.0000,0.0220,0.0036,0.0026,0.0029,5,1.32,0.28,-0.50
Y683,4.99583,44.68914765,-123.2189187,71.63014375,-0.0010,0.0200,0.0035,0.0024,0.0029,5,0.73,0.13,0.41
Y683,4.99583,44.68914762,-123.2189187,71.63539953,0.0000,0.0220,0.0034,0.0026,0.0029,5,0.36,-0.11,0.94
Y683,4.99583,44.68914767,-123.2189188,71.63050998,0.0000,0.0260,0.0035,0.0024,0.0029,5,0.99,-0.66,0.45
Y683,4.99583,44.68914765,-123.2189187,71.64381027,0.0000,0.0210,0.0034,0.0028,0.0030,5,0.74,0.17,1.78
Y683,4.99583,44.68914761,-123.2189186,71.64484708,0.0000,0.0210,0.0035,0.0026,0.0029,5,0.31,0.71,1.88
B726,6.99583,44.64840746,-123.0626609,42.08390141,-0.0020,0.0460,0.0028,0.0024,0.0026,7,0.83,1.59,2.99
B726,6.99583,44.64840748,-123.0626609,42.04176593,0.0000,0.0260,0.0029,0.0021,0.0024,7,0.99,1.76,-1.22
B726,6.99583,44.64840747,-123.062661,42.04918699,0.0000,0.0330,0.0032,0.0023,0.0028,7,0.89,1.21,-0.48
B726,6.99583,44.64840745,-123.062661,42.06786936,0.0000,0.0340,0.0029,0.0022,0.0025,7,0.66,1.01,1.39
BICK,6.99583,44.48952036,-123.2807106,51.96560523,0.0000,0.0200,0.0028,0.0021,0.0023,7,-0.21,0.40,0.56
BICK,6.99583,44.48952038,-123.2807106,51.97168226,0.0000,0.0230,0.0029,0.0020,0.0024,7,0.05,0.44,1.17
BICK,6.99583,44.48952041,-123.2807105,51.97428656,-0.0010,0.0230,0.0028,0.0020,0.0023,7,0.34,0.63,1.43
BICK,6.99583,44.48952038,-123.2807104,51.97305813,0.0000,0.0210,0.0029,0.0020,0.0024,7,0.07,1.44,1.31
BICK,6.99167,44.48952034,-123.2807106,51.98367539,0.0000,0.0210,0.0028,0.0020,0.0024,7,-0.46,0.49,2.37
BICK,6.99583,44.48952032,-123.2807106,51.98573226,0.0010,0.0210,0.0029,0.0020,0.0024,7,-0.60,0.02,2.57
BICK,6.99583,44.48952032,-123.2807106,51.97077023,0.0010,0.0220,0.0027,0.0021,0.0024,7,-0.69,0.39,1.08
BICK,6.99583,44.48952032,-123.2807107,51.97785033,0.0000,0.0210,0.0029,0.0020,0.0024,7,-0.63,-0.55,1.79
BICK,6.99583,44.48952037,-123.2807107,51.97184132,0.0000,0.0220,0.0029,0.0020,0.0025,7,-0.04,-0.44,1.18
BICK,6.99583,44.48952034,-123.2807106,51.97754347,0.0000,0.0210,0.0027,0.0020,0.0024,7,-0.44,0.04,1.75
GLAS,6.99583,44.51934227,-122.9960554,69.45117338,0.0000,0.0240,0.0025,0.0021,0.0023,7,0.10,-1.25,0.82
GLAS,6.99583,44.51934229,-122.9960552,69.45577152,0.0000,0.0260,0.0027,0.0021,0.0023,7,0.26,-0.21,1.28
GLAS,6.99583,44.5193423,-122.9960554,69.4686102,-0.0010,0.0270,0.0029,0.0021,0.0025,7,0.43,-1.46,2.56
GLAS,6.99583,44.51934235,-122.9960552,69.46449836,0.0000,0.0260,0.0029,0.0021,0.0024,7,0.89,-0.11,2.15
LBCC,6.99583,44.58498568,-123.1181766,46.96327408,0.0010,0.0320,0.0026,0.0023,0.0025,7,-0.24,-2.17,1.33
LBCC,6.99583,44.58498574,-123.1181764,46.95371871,0.0000,0.0320,0.0028,0.0022,0.0025,7,0.37,-0.62,0.37
LBCC,6.99583,44.58498575,-123.1181763,46.96191752,0.0000,0.0360,0.0030,0.0022,0.0025,7,0.50,0.20,1.19
LBCC,6.99167,44.58498572,-123.1181763,46.95922639,0.0000,0.0320,0.0029,0.0022,0.0025,7,0.20,0.18,0.92
LBCC,6.99583,44.58498577,-123.1181762,46.97176328,0.0000,0.0250,0.0031,0.0022,0.0026,7,0.69,1.17,2.18
LBCC,6.99583,44.58498573,-123.1181765,46.96740585,0.0010,0.0300,0.0031,0.0023,0.0027,7,0.28,-1.44,1.74
LBCC,6.99583,44.58498571,-123.1181764,46.96813528,0.0000,0.0280,0.0028,0.0022,0.0026,7,0.12,-0.26,1.81
U727,6.99583,44.59391687,-123.5471759,204.390168,-0.0010,0.0240,0.0026,0.0025,0.0026,7,1.18,0.26,-0.78
U727,6.99583,44.5939168,-123.5471758,204.3939947,-0.0010,0.0280,0.0032,0.0023,0.0028,7,0.38,0.71,-0.40
U727,6.99583,44.59391677,-123.547176,204.4047401,0.0000,0.0260,0.0031,0.0024,0.0029,7,0.11,-0.41,0.67
U727,6.99583,44.59391676,-123.5471759,204.4013511,0.0000,0.0260,0.0033,0.0023,0.0029,7,-0.03,-0.11,0.34
Y683,6.99583,44.68914771,-123.2189187,71.63405869,-0.0020,0.0370,0.0025,0.0023,0.0023,7,1.39,0.14,0.81
Y683,6.99583,44.68914766,-123.2189187,71.63186911,-0.0010,0.0200,0.0028,0.0021,0.0024,7,0.81,0.23,0.59
Y683,6.99583,44.68914763,-123.2189188,71.63296781,0.0000,0.0240,0.0030,0.0020,0.0025,7,0.53,-0.61,0.70
Y683,6.99583,44.68914769,-123.2189187,71.63167082,-0.0010,0.0260,0.0029,0.0021,0.0024,7,1.22,0.26,0.57
Y683,6.99583,44.68914765,-123.2189187,71.64515643,0.0000,0.0220,0.0029,0.0021,0.0025,7,0.69,-0.21,1.92
Y683,6.99583,44.68914761,-123.2189187,71.64574716,0.0000,0.0210,0.0030,0.0021,0.0025,7,0.25,-0.12,1.97
